-- phpMyAdmin SQL Dump
-- version 5.0.4
-- https://www.phpmyadmin.net/
--
-- Host: localhost
-- Generation Time: Aug 04, 2021 at 07:53 AM
-- Server version: 8.0.26-0ubuntu0.20.04.2
-- PHP Version: 7.4.22

SET SQL_MODE = "NO_AUTO_VALUE_ON_ZERO";
START TRANSACTION;
SET time_zone = "+00:00";


/*!40101 SET @OLD_CHARACTER_SET_CLIENT=@@CHARACTER_SET_CLIENT */;
/*!40101 SET @OLD_CHARACTER_SET_RESULTS=@@CHARACTER_SET_RESULTS */;
/*!40101 SET @OLD_COLLATION_CONNECTION=@@COLLATION_CONNECTION */;
/*!40101 SET NAMES utf8mb4 */;

--
-- Database: `db_backend_ecommerce`
--

-- --------------------------------------------------------

--
-- Table structure for table `carts`
--

CREATE TABLE `carts` (
  `id` bigint UNSIGNED NOT NULL,
  `product_id` bigint UNSIGNED NOT NULL,
  `customer_id` bigint UNSIGNED NOT NULL,
  `qty` int NOT NULL,
  `price` bigint NOT NULL,
  `weight` int NOT NULL,
  `created_at` timestamp NULL DEFAULT NULL,
  `updated_at` timestamp NULL DEFAULT NULL
) ENGINE=InnoDB DEFAULT CHARSET=utf8mb4 COLLATE=utf8mb4_unicode_ci;

-- --------------------------------------------------------

--
-- Table structure for table `categories`
--

CREATE TABLE `categories` (
  `id` bigint UNSIGNED NOT NULL,
  `name` varchar(255) COLLATE utf8mb4_unicode_ci NOT NULL,
  `slug` varchar(255) COLLATE utf8mb4_unicode_ci NOT NULL,
  `image` varchar(255) COLLATE utf8mb4_unicode_ci NOT NULL,
  `created_at` timestamp NULL DEFAULT NULL,
  `updated_at` timestamp NULL DEFAULT NULL
) ENGINE=InnoDB DEFAULT CHARSET=utf8mb4 COLLATE=utf8mb4_unicode_ci;

--
-- Dumping data for table `categories`
--

INSERT INTO `categories` (`id`, `name`, `slug`, `image`, `created_at`, `updated_at`) VALUES
(2, 'Aksesoris', 'aksesoris', 'W3tBKsmAvNpQhLuPT0WU02ENcqQEWe3REEclQa3M.png', '2021-07-13 18:16:48', '2021-07-13 18:16:48'),
(3, 'Powerbank', 'powerbank', 'T4itryKOEEqMyTeczNvsUGYQYkDB9GMujLCmNg4d.png', '2021-07-13 18:17:18', '2021-07-13 18:17:18'),
(4, 'Earphone & Bluetooth', 'earphone-bluetooth', 'AhfseAalDdioWGhDDRh5quuGXNxRqNFpcLY2jZMI.png', '2021-07-13 18:17:46', '2021-07-13 18:17:46'),
(6, 'Mi Watch', 'mi-watch', 'gc0Wim5NYJLuDwzkNEQyua7vULAsjsWrXuntxKS1.png', '2021-07-30 18:21:30', '2021-07-30 18:21:30'),
(7, 'Mi TV', 'mi-tv', '8toXKSrt2QEcfRAUYr49xZd7DSsfMiSI4v0WDa4K.png', '2021-07-30 18:22:07', '2021-07-30 18:22:07'),
(8, 'Smart Phone', 'smart-phone', 'hRAce1io8PumkBdtrRL1el6TcpJ9OrdDLDZLs7XG.png', '2021-07-30 18:22:36', '2021-07-30 18:22:36');

-- --------------------------------------------------------

--
-- Table structure for table `cities`
--

CREATE TABLE `cities` (
  `id` bigint UNSIGNED NOT NULL,
  `province_id` bigint UNSIGNED NOT NULL,
  `city_id` int NOT NULL,
  `name` varchar(255) COLLATE utf8mb4_unicode_ci NOT NULL,
  `created_at` timestamp NULL DEFAULT NULL,
  `updated_at` timestamp NULL DEFAULT NULL
) ENGINE=InnoDB DEFAULT CHARSET=utf8mb4 COLLATE=utf8mb4_unicode_ci;

--
-- Dumping data for table `cities`
--

INSERT INTO `cities` (`id`, `province_id`, `city_id`, `name`, `created_at`, `updated_at`) VALUES
(1, 21, 1, 'Aceh Barat - (Kabupaten)', '2021-07-17 18:27:35', '2021-07-17 18:27:35'),
(2, 21, 2, 'Aceh Barat Daya - (Kabupaten)', '2021-07-17 18:27:35', '2021-07-17 18:27:35'),
(3, 21, 3, 'Aceh Besar - (Kabupaten)', '2021-07-17 18:27:35', '2021-07-17 18:27:35'),
(4, 21, 4, 'Aceh Jaya - (Kabupaten)', '2021-07-17 18:27:35', '2021-07-17 18:27:35'),
(5, 21, 5, 'Aceh Selatan - (Kabupaten)', '2021-07-17 18:27:35', '2021-07-17 18:27:35'),
(6, 21, 6, 'Aceh Singkil - (Kabupaten)', '2021-07-17 18:27:35', '2021-07-17 18:27:35'),
(7, 21, 7, 'Aceh Tamiang - (Kabupaten)', '2021-07-17 18:27:35', '2021-07-17 18:27:35'),
(8, 21, 8, 'Aceh Tengah - (Kabupaten)', '2021-07-17 18:27:35', '2021-07-17 18:27:35'),
(9, 21, 9, 'Aceh Tenggara - (Kabupaten)', '2021-07-17 18:27:35', '2021-07-17 18:27:35'),
(10, 21, 10, 'Aceh Timur - (Kabupaten)', '2021-07-17 18:27:35', '2021-07-17 18:27:35'),
(11, 21, 11, 'Aceh Utara - (Kabupaten)', '2021-07-17 18:27:35', '2021-07-17 18:27:35'),
(12, 32, 12, 'Agam - (Kabupaten)', '2021-07-17 18:27:35', '2021-07-17 18:27:35'),
(13, 23, 13, 'Alor - (Kabupaten)', '2021-07-17 18:27:35', '2021-07-17 18:27:35'),
(14, 19, 14, 'Ambon - (Kota)', '2021-07-17 18:27:35', '2021-07-17 18:27:35'),
(15, 34, 15, 'Asahan - (Kabupaten)', '2021-07-17 18:27:35', '2021-07-17 18:27:35'),
(16, 24, 16, 'Asmat - (Kabupaten)', '2021-07-17 18:27:35', '2021-07-17 18:27:35'),
(17, 1, 17, 'Badung - (Kabupaten)', '2021-07-17 18:27:35', '2021-07-17 18:27:35'),
(18, 13, 18, 'Balangan - (Kabupaten)', '2021-07-17 18:27:35', '2021-07-17 18:27:35'),
(19, 15, 19, 'Balikpapan - (Kota)', '2021-07-17 18:27:35', '2021-07-17 18:27:35'),
(20, 21, 20, 'Banda Aceh - (Kota)', '2021-07-17 18:27:35', '2021-07-17 18:27:35'),
(21, 18, 21, 'Bandar Lampung - (Kota)', '2021-07-17 18:27:35', '2021-07-17 18:27:35'),
(22, 9, 22, 'Bandung - (Kabupaten)', '2021-07-17 18:27:35', '2021-07-17 18:27:35'),
(23, 9, 23, 'Bandung - (Kota)', '2021-07-17 18:27:35', '2021-07-17 18:27:35'),
(24, 9, 24, 'Bandung Barat - (Kabupaten)', '2021-07-17 18:27:35', '2021-07-17 18:27:35'),
(25, 29, 25, 'Banggai - (Kabupaten)', '2021-07-17 18:27:35', '2021-07-17 18:27:35'),
(26, 29, 26, 'Banggai Kepulauan - (Kabupaten)', '2021-07-17 18:27:35', '2021-07-17 18:27:35'),
(27, 2, 27, 'Bangka - (Kabupaten)', '2021-07-17 18:27:35', '2021-07-17 18:27:35'),
(28, 2, 28, 'Bangka Barat - (Kabupaten)', '2021-07-17 18:27:35', '2021-07-17 18:27:35'),
(29, 2, 29, 'Bangka Selatan - (Kabupaten)', '2021-07-17 18:27:35', '2021-07-17 18:27:35'),
(30, 2, 30, 'Bangka Tengah - (Kabupaten)', '2021-07-17 18:27:35', '2021-07-17 18:27:35'),
(31, 11, 31, 'Bangkalan - (Kabupaten)', '2021-07-17 18:27:35', '2021-07-17 18:27:35'),
(32, 1, 32, 'Bangli - (Kabupaten)', '2021-07-17 18:27:35', '2021-07-17 18:27:35'),
(33, 13, 33, 'Banjar - (Kabupaten)', '2021-07-17 18:27:35', '2021-07-17 18:27:35'),
(34, 9, 34, 'Banjar - (Kota)', '2021-07-17 18:27:35', '2021-07-17 18:27:35'),
(35, 13, 35, 'Banjarbaru - (Kota)', '2021-07-17 18:27:35', '2021-07-17 18:27:35'),
(36, 13, 36, 'Banjarmasin - (Kota)', '2021-07-17 18:27:35', '2021-07-17 18:27:35'),
(37, 10, 37, 'Banjarnegara - (Kabupaten)', '2021-07-17 18:27:35', '2021-07-17 18:27:35'),
(38, 28, 38, 'Bantaeng - (Kabupaten)', '2021-07-17 18:27:35', '2021-07-17 18:27:35'),
(39, 5, 39, 'Bantul - (Kabupaten)', '2021-07-17 18:27:35', '2021-07-17 18:27:35'),
(40, 33, 40, 'Banyuasin - (Kabupaten)', '2021-07-17 18:27:35', '2021-07-17 18:27:35'),
(41, 10, 41, 'Banyumas - (Kabupaten)', '2021-07-17 18:27:35', '2021-07-17 18:27:35'),
(42, 11, 42, 'Banyuwangi - (Kabupaten)', '2021-07-17 18:27:35', '2021-07-17 18:27:35'),
(43, 13, 43, 'Barito Kuala - (Kabupaten)', '2021-07-17 18:27:35', '2021-07-17 18:27:35'),
(44, 14, 44, 'Barito Selatan - (Kabupaten)', '2021-07-17 18:27:35', '2021-07-17 18:27:35'),
(45, 14, 45, 'Barito Timur - (Kabupaten)', '2021-07-17 18:27:35', '2021-07-17 18:27:35'),
(46, 14, 46, 'Barito Utara - (Kabupaten)', '2021-07-17 18:27:35', '2021-07-17 18:27:35'),
(47, 28, 47, 'Barru - (Kabupaten)', '2021-07-17 18:27:35', '2021-07-17 18:27:35'),
(48, 17, 48, 'Batam - (Kota)', '2021-07-17 18:27:35', '2021-07-17 18:27:35'),
(49, 10, 49, 'Batang - (Kabupaten)', '2021-07-17 18:27:35', '2021-07-17 18:27:35'),
(50, 8, 50, 'Batang Hari - (Kabupaten)', '2021-07-17 18:27:35', '2021-07-17 18:27:35'),
(51, 11, 51, 'Batu - (Kota)', '2021-07-17 18:27:35', '2021-07-17 18:27:35'),
(52, 34, 52, 'Batu Bara - (Kabupaten)', '2021-07-17 18:27:35', '2021-07-17 18:27:35'),
(53, 30, 53, 'Bau-Bau - (Kota)', '2021-07-17 18:27:35', '2021-07-17 18:27:35'),
(54, 9, 54, 'Bekasi - (Kabupaten)', '2021-07-17 18:27:35', '2021-07-17 18:27:35'),
(55, 9, 55, 'Bekasi - (Kota)', '2021-07-17 18:27:35', '2021-07-17 18:27:35'),
(56, 2, 56, 'Belitung - (Kabupaten)', '2021-07-17 18:27:35', '2021-07-17 18:27:35'),
(57, 2, 57, 'Belitung Timur - (Kabupaten)', '2021-07-17 18:27:35', '2021-07-17 18:27:35'),
(58, 23, 58, 'Belu - (Kabupaten)', '2021-07-17 18:27:35', '2021-07-17 18:27:35'),
(59, 21, 59, 'Bener Meriah - (Kabupaten)', '2021-07-17 18:27:35', '2021-07-17 18:27:35'),
(60, 26, 60, 'Bengkalis - (Kabupaten)', '2021-07-17 18:27:35', '2021-07-17 18:27:35'),
(61, 12, 61, 'Bengkayang - (Kabupaten)', '2021-07-17 18:27:35', '2021-07-17 18:27:35'),
(62, 4, 62, 'Bengkulu - (Kota)', '2021-07-17 18:27:35', '2021-07-17 18:27:35'),
(63, 4, 63, 'Bengkulu Selatan - (Kabupaten)', '2021-07-17 18:27:35', '2021-07-17 18:27:35'),
(64, 4, 64, 'Bengkulu Tengah - (Kabupaten)', '2021-07-17 18:27:35', '2021-07-17 18:27:35'),
(65, 4, 65, 'Bengkulu Utara - (Kabupaten)', '2021-07-17 18:27:35', '2021-07-17 18:27:35'),
(66, 15, 66, 'Berau - (Kabupaten)', '2021-07-17 18:27:35', '2021-07-17 18:27:35'),
(67, 24, 67, 'Biak Numfor - (Kabupaten)', '2021-07-17 18:27:35', '2021-07-17 18:27:35'),
(68, 22, 68, 'Bima - (Kabupaten)', '2021-07-17 18:27:35', '2021-07-17 18:27:35'),
(69, 22, 69, 'Bima - (Kota)', '2021-07-17 18:27:35', '2021-07-17 18:27:35'),
(70, 34, 70, 'Binjai - (Kota)', '2021-07-17 18:27:35', '2021-07-17 18:27:35'),
(71, 17, 71, 'Bintan - (Kabupaten)', '2021-07-17 18:27:35', '2021-07-17 18:27:35'),
(72, 21, 72, 'Bireuen - (Kabupaten)', '2021-07-17 18:27:35', '2021-07-17 18:27:35'),
(73, 31, 73, 'Bitung - (Kota)', '2021-07-17 18:27:35', '2021-07-17 18:27:35'),
(74, 11, 74, 'Blitar - (Kabupaten)', '2021-07-17 18:27:35', '2021-07-17 18:27:35'),
(75, 11, 75, 'Blitar - (Kota)', '2021-07-17 18:27:35', '2021-07-17 18:27:35'),
(76, 10, 76, 'Blora - (Kabupaten)', '2021-07-17 18:27:35', '2021-07-17 18:27:35'),
(77, 7, 77, 'Boalemo - (Kabupaten)', '2021-07-17 18:27:35', '2021-07-17 18:27:35'),
(78, 9, 78, 'Bogor - (Kabupaten)', '2021-07-17 18:27:35', '2021-07-17 18:27:35'),
(79, 9, 79, 'Bogor - (Kota)', '2021-07-17 18:27:35', '2021-07-17 18:27:35'),
(80, 11, 80, 'Bojonegoro - (Kabupaten)', '2021-07-17 18:27:35', '2021-07-17 18:27:35'),
(81, 31, 81, 'Bolaang Mongondow (Bolmong) - (Kabupaten)', '2021-07-17 18:27:35', '2021-07-17 18:27:35'),
(82, 31, 82, 'Bolaang Mongondow Selatan - (Kabupaten)', '2021-07-17 18:27:35', '2021-07-17 18:27:35'),
(83, 31, 83, 'Bolaang Mongondow Timur - (Kabupaten)', '2021-07-17 18:27:35', '2021-07-17 18:27:35'),
(84, 31, 84, 'Bolaang Mongondow Utara - (Kabupaten)', '2021-07-17 18:27:35', '2021-07-17 18:27:35'),
(85, 30, 85, 'Bombana - (Kabupaten)', '2021-07-17 18:27:35', '2021-07-17 18:27:35'),
(86, 11, 86, 'Bondowoso - (Kabupaten)', '2021-07-17 18:27:35', '2021-07-17 18:27:35'),
(87, 28, 87, 'Bone - (Kabupaten)', '2021-07-17 18:27:35', '2021-07-17 18:27:35'),
(88, 7, 88, 'Bone Bolango - (Kabupaten)', '2021-07-17 18:27:35', '2021-07-17 18:27:35'),
(89, 15, 89, 'Bontang - (Kota)', '2021-07-17 18:27:35', '2021-07-17 18:27:35'),
(90, 24, 90, 'Boven Digoel - (Kabupaten)', '2021-07-17 18:27:35', '2021-07-17 18:27:35'),
(91, 10, 91, 'Boyolali - (Kabupaten)', '2021-07-17 18:27:35', '2021-07-17 18:27:35'),
(92, 10, 92, 'Brebes - (Kabupaten)', '2021-07-17 18:27:35', '2021-07-17 18:27:35'),
(93, 32, 93, 'Bukittinggi - (Kota)', '2021-07-17 18:27:35', '2021-07-17 18:27:35'),
(94, 1, 94, 'Buleleng - (Kabupaten)', '2021-07-17 18:27:35', '2021-07-17 18:27:35'),
(95, 28, 95, 'Bulukumba - (Kabupaten)', '2021-07-17 18:27:35', '2021-07-17 18:27:35'),
(96, 16, 96, 'Bulungan (Bulongan) - (Kabupaten)', '2021-07-17 18:27:35', '2021-07-17 18:27:35'),
(97, 8, 97, 'Bungo - (Kabupaten)', '2021-07-17 18:27:35', '2021-07-17 18:27:35'),
(98, 29, 98, 'Buol - (Kabupaten)', '2021-07-17 18:27:35', '2021-07-17 18:27:35'),
(99, 19, 99, 'Buru - (Kabupaten)', '2021-07-17 18:27:35', '2021-07-17 18:27:35'),
(100, 19, 100, 'Buru Selatan - (Kabupaten)', '2021-07-17 18:27:36', '2021-07-17 18:27:36'),
(101, 30, 101, 'Buton - (Kabupaten)', '2021-07-17 18:27:36', '2021-07-17 18:27:36'),
(102, 30, 102, 'Buton Utara - (Kabupaten)', '2021-07-17 18:27:36', '2021-07-17 18:27:36'),
(103, 9, 103, 'Ciamis - (Kabupaten)', '2021-07-17 18:27:36', '2021-07-17 18:27:36'),
(104, 9, 104, 'Cianjur - (Kabupaten)', '2021-07-17 18:27:36', '2021-07-17 18:27:36'),
(105, 10, 105, 'Cilacap - (Kabupaten)', '2021-07-17 18:27:36', '2021-07-17 18:27:36'),
(106, 3, 106, 'Cilegon - (Kota)', '2021-07-17 18:27:36', '2021-07-17 18:27:36'),
(107, 9, 107, 'Cimahi - (Kota)', '2021-07-17 18:27:36', '2021-07-17 18:27:36'),
(108, 9, 108, 'Cirebon - (Kabupaten)', '2021-07-17 18:27:36', '2021-07-17 18:27:36'),
(109, 9, 109, 'Cirebon - (Kota)', '2021-07-17 18:27:36', '2021-07-17 18:27:36'),
(110, 34, 110, 'Dairi - (Kabupaten)', '2021-07-17 18:27:36', '2021-07-17 18:27:36'),
(111, 24, 111, 'Deiyai (Deliyai) - (Kabupaten)', '2021-07-17 18:27:36', '2021-07-17 18:27:36'),
(112, 34, 112, 'Deli Serdang - (Kabupaten)', '2021-07-17 18:27:36', '2021-07-17 18:27:36'),
(113, 10, 113, 'Demak - (Kabupaten)', '2021-07-17 18:27:36', '2021-07-17 18:27:36'),
(114, 1, 114, 'Denpasar - (Kota)', '2021-07-17 18:27:36', '2021-07-17 18:27:36'),
(115, 9, 115, 'Depok - (Kota)', '2021-07-17 18:27:36', '2021-07-17 18:27:36'),
(116, 32, 116, 'Dharmasraya - (Kabupaten)', '2021-07-17 18:27:36', '2021-07-17 18:27:36'),
(117, 24, 117, 'Dogiyai - (Kabupaten)', '2021-07-17 18:27:36', '2021-07-17 18:27:36'),
(118, 22, 118, 'Dompu - (Kabupaten)', '2021-07-17 18:27:36', '2021-07-17 18:27:36'),
(119, 29, 119, 'Donggala - (Kabupaten)', '2021-07-17 18:27:36', '2021-07-17 18:27:36'),
(120, 26, 120, 'Dumai - (Kota)', '2021-07-17 18:27:36', '2021-07-17 18:27:36'),
(121, 33, 121, 'Empat Lawang - (Kabupaten)', '2021-07-17 18:27:36', '2021-07-17 18:27:36'),
(122, 23, 122, 'Ende - (Kabupaten)', '2021-07-17 18:27:36', '2021-07-17 18:27:36'),
(123, 28, 123, 'Enrekang - (Kabupaten)', '2021-07-17 18:27:36', '2021-07-17 18:27:36'),
(124, 25, 124, 'Fakfak - (Kabupaten)', '2021-07-17 18:27:36', '2021-07-17 18:27:36'),
(125, 23, 125, 'Flores Timur - (Kabupaten)', '2021-07-17 18:27:36', '2021-07-17 18:27:36'),
(126, 9, 126, 'Garut - (Kabupaten)', '2021-07-17 18:27:36', '2021-07-17 18:27:36'),
(127, 21, 127, 'Gayo Lues - (Kabupaten)', '2021-07-17 18:27:36', '2021-07-17 18:27:36'),
(128, 1, 128, 'Gianyar - (Kabupaten)', '2021-07-17 18:27:36', '2021-07-17 18:27:36'),
(129, 7, 129, 'Gorontalo - (Kabupaten)', '2021-07-17 18:27:36', '2021-07-17 18:27:36'),
(130, 7, 130, 'Gorontalo - (Kota)', '2021-07-17 18:27:36', '2021-07-17 18:27:36'),
(131, 7, 131, 'Gorontalo Utara - (Kabupaten)', '2021-07-17 18:27:36', '2021-07-17 18:27:36'),
(132, 28, 132, 'Gowa - (Kabupaten)', '2021-07-17 18:27:36', '2021-07-17 18:27:36'),
(133, 11, 133, 'Gresik - (Kabupaten)', '2021-07-17 18:27:36', '2021-07-17 18:27:36'),
(134, 10, 134, 'Grobogan - (Kabupaten)', '2021-07-17 18:27:36', '2021-07-17 18:27:36'),
(135, 5, 135, 'Gunung Kidul - (Kabupaten)', '2021-07-17 18:27:36', '2021-07-17 18:27:36'),
(136, 14, 136, 'Gunung Mas - (Kabupaten)', '2021-07-17 18:27:36', '2021-07-17 18:27:36'),
(137, 34, 137, 'Gunungsitoli - (Kota)', '2021-07-17 18:27:36', '2021-07-17 18:27:36'),
(138, 20, 138, 'Halmahera Barat - (Kabupaten)', '2021-07-17 18:27:36', '2021-07-17 18:27:36'),
(139, 20, 139, 'Halmahera Selatan - (Kabupaten)', '2021-07-17 18:27:36', '2021-07-17 18:27:36'),
(140, 20, 140, 'Halmahera Tengah - (Kabupaten)', '2021-07-17 18:27:36', '2021-07-17 18:27:36'),
(141, 20, 141, 'Halmahera Timur - (Kabupaten)', '2021-07-17 18:27:36', '2021-07-17 18:27:36'),
(142, 20, 142, 'Halmahera Utara - (Kabupaten)', '2021-07-17 18:27:36', '2021-07-17 18:27:36'),
(143, 13, 143, 'Hulu Sungai Selatan - (Kabupaten)', '2021-07-17 18:27:36', '2021-07-17 18:27:36'),
(144, 13, 144, 'Hulu Sungai Tengah - (Kabupaten)', '2021-07-17 18:27:36', '2021-07-17 18:27:36'),
(145, 13, 145, 'Hulu Sungai Utara - (Kabupaten)', '2021-07-17 18:27:36', '2021-07-17 18:27:36'),
(146, 34, 146, 'Humbang Hasundutan - (Kabupaten)', '2021-07-17 18:27:36', '2021-07-17 18:27:36'),
(147, 26, 147, 'Indragiri Hilir - (Kabupaten)', '2021-07-17 18:27:36', '2021-07-17 18:27:36'),
(148, 26, 148, 'Indragiri Hulu - (Kabupaten)', '2021-07-17 18:27:36', '2021-07-17 18:27:36'),
(149, 9, 149, 'Indramayu - (Kabupaten)', '2021-07-17 18:27:36', '2021-07-17 18:27:36'),
(150, 24, 150, 'Intan Jaya - (Kabupaten)', '2021-07-17 18:27:36', '2021-07-17 18:27:36'),
(151, 6, 151, 'Jakarta Barat - (Kota)', '2021-07-17 18:27:36', '2021-07-17 18:27:36'),
(152, 6, 152, 'Jakarta Pusat - (Kota)', '2021-07-17 18:27:36', '2021-07-17 18:27:36'),
(153, 6, 153, 'Jakarta Selatan - (Kota)', '2021-07-17 18:27:36', '2021-07-17 18:27:36'),
(154, 6, 154, 'Jakarta Timur - (Kota)', '2021-07-17 18:27:36', '2021-07-17 18:27:36'),
(155, 6, 155, 'Jakarta Utara - (Kota)', '2021-07-17 18:27:36', '2021-07-17 18:27:36'),
(156, 8, 156, 'Jambi - (Kota)', '2021-07-17 18:27:36', '2021-07-17 18:27:36'),
(157, 24, 157, 'Jayapura - (Kabupaten)', '2021-07-17 18:27:36', '2021-07-17 18:27:36'),
(158, 24, 158, 'Jayapura - (Kota)', '2021-07-17 18:27:36', '2021-07-17 18:27:36'),
(159, 24, 159, 'Jayawijaya - (Kabupaten)', '2021-07-17 18:27:36', '2021-07-17 18:27:36'),
(160, 11, 160, 'Jember - (Kabupaten)', '2021-07-17 18:27:36', '2021-07-17 18:27:36'),
(161, 1, 161, 'Jembrana - (Kabupaten)', '2021-07-17 18:27:36', '2021-07-17 18:27:36'),
(162, 28, 162, 'Jeneponto - (Kabupaten)', '2021-07-17 18:27:36', '2021-07-17 18:27:36'),
(163, 10, 163, 'Jepara - (Kabupaten)', '2021-07-17 18:27:36', '2021-07-17 18:27:36'),
(164, 11, 164, 'Jombang - (Kabupaten)', '2021-07-17 18:27:36', '2021-07-17 18:27:36'),
(165, 25, 165, 'Kaimana - (Kabupaten)', '2021-07-17 18:27:36', '2021-07-17 18:27:36'),
(166, 26, 166, 'Kampar - (Kabupaten)', '2021-07-17 18:27:36', '2021-07-17 18:27:36'),
(167, 14, 167, 'Kapuas - (Kabupaten)', '2021-07-17 18:27:36', '2021-07-17 18:27:36'),
(168, 12, 168, 'Kapuas Hulu - (Kabupaten)', '2021-07-17 18:27:36', '2021-07-17 18:27:36'),
(169, 10, 169, 'Karanganyar - (Kabupaten)', '2021-07-17 18:27:36', '2021-07-17 18:27:36'),
(170, 1, 170, 'Karangasem - (Kabupaten)', '2021-07-17 18:27:36', '2021-07-17 18:27:36'),
(171, 9, 171, 'Karawang - (Kabupaten)', '2021-07-17 18:27:36', '2021-07-17 18:27:36'),
(172, 17, 172, 'Karimun - (Kabupaten)', '2021-07-17 18:27:36', '2021-07-17 18:27:36'),
(173, 34, 173, 'Karo - (Kabupaten)', '2021-07-17 18:27:36', '2021-07-17 18:27:36'),
(174, 14, 174, 'Katingan - (Kabupaten)', '2021-07-17 18:27:36', '2021-07-17 18:27:36'),
(175, 4, 175, 'Kaur - (Kabupaten)', '2021-07-17 18:27:36', '2021-07-17 18:27:36'),
(176, 12, 176, 'Kayong Utara - (Kabupaten)', '2021-07-17 18:27:36', '2021-07-17 18:27:36'),
(177, 10, 177, 'Kebumen - (Kabupaten)', '2021-07-17 18:27:36', '2021-07-17 18:27:36'),
(178, 11, 178, 'Kediri - (Kabupaten)', '2021-07-17 18:27:36', '2021-07-17 18:27:36'),
(179, 11, 179, 'Kediri - (Kota)', '2021-07-17 18:27:36', '2021-07-17 18:27:36'),
(180, 24, 180, 'Keerom - (Kabupaten)', '2021-07-17 18:27:36', '2021-07-17 18:27:36'),
(181, 10, 181, 'Kendal - (Kabupaten)', '2021-07-17 18:27:36', '2021-07-17 18:27:36'),
(182, 30, 182, 'Kendari - (Kota)', '2021-07-17 18:27:36', '2021-07-17 18:27:36'),
(183, 4, 183, 'Kepahiang - (Kabupaten)', '2021-07-17 18:27:36', '2021-07-17 18:27:36'),
(184, 17, 184, 'Kepulauan Anambas - (Kabupaten)', '2021-07-17 18:27:36', '2021-07-17 18:27:36'),
(185, 19, 185, 'Kepulauan Aru - (Kabupaten)', '2021-07-17 18:27:36', '2021-07-17 18:27:36'),
(186, 32, 186, 'Kepulauan Mentawai - (Kabupaten)', '2021-07-17 18:27:36', '2021-07-17 18:27:36'),
(187, 26, 187, 'Kepulauan Meranti - (Kabupaten)', '2021-07-17 18:27:36', '2021-07-17 18:27:36'),
(188, 31, 188, 'Kepulauan Sangihe - (Kabupaten)', '2021-07-17 18:27:36', '2021-07-17 18:27:36'),
(189, 6, 189, 'Kepulauan Seribu - (Kabupaten)', '2021-07-17 18:27:36', '2021-07-17 18:27:36'),
(190, 31, 190, 'Kepulauan Siau Tagulandang Biaro (Sitaro) - (Kabupaten)', '2021-07-17 18:27:36', '2021-07-17 18:27:36'),
(191, 20, 191, 'Kepulauan Sula - (Kabupaten)', '2021-07-17 18:27:36', '2021-07-17 18:27:36'),
(192, 31, 192, 'Kepulauan Talaud - (Kabupaten)', '2021-07-17 18:27:36', '2021-07-17 18:27:36'),
(193, 24, 193, 'Kepulauan Yapen (Yapen Waropen) - (Kabupaten)', '2021-07-17 18:27:36', '2021-07-17 18:27:36'),
(194, 8, 194, 'Kerinci - (Kabupaten)', '2021-07-17 18:27:36', '2021-07-17 18:27:36'),
(195, 12, 195, 'Ketapang - (Kabupaten)', '2021-07-17 18:27:36', '2021-07-17 18:27:36'),
(196, 10, 196, 'Klaten - (Kabupaten)', '2021-07-17 18:27:36', '2021-07-17 18:27:36'),
(197, 1, 197, 'Klungkung - (Kabupaten)', '2021-07-17 18:27:36', '2021-07-17 18:27:36'),
(198, 30, 198, 'Kolaka - (Kabupaten)', '2021-07-17 18:27:36', '2021-07-17 18:27:36'),
(199, 30, 199, 'Kolaka Utara - (Kabupaten)', '2021-07-17 18:27:36', '2021-07-17 18:27:36'),
(200, 30, 200, 'Konawe - (Kabupaten)', '2021-07-17 18:27:36', '2021-07-17 18:27:36'),
(201, 30, 201, 'Konawe Selatan - (Kabupaten)', '2021-07-17 18:27:36', '2021-07-17 18:27:36'),
(202, 30, 202, 'Konawe Utara - (Kabupaten)', '2021-07-17 18:27:36', '2021-07-17 18:27:36'),
(203, 13, 203, 'Kotabaru - (Kabupaten)', '2021-07-17 18:27:36', '2021-07-17 18:27:36'),
(204, 31, 204, 'Kotamobagu - (Kota)', '2021-07-17 18:27:36', '2021-07-17 18:27:36'),
(205, 14, 205, 'Kotawaringin Barat - (Kabupaten)', '2021-07-17 18:27:36', '2021-07-17 18:27:36'),
(206, 14, 206, 'Kotawaringin Timur - (Kabupaten)', '2021-07-17 18:27:36', '2021-07-17 18:27:36'),
(207, 26, 207, 'Kuantan Singingi - (Kabupaten)', '2021-07-17 18:27:36', '2021-07-17 18:27:36'),
(208, 12, 208, 'Kubu Raya - (Kabupaten)', '2021-07-17 18:27:36', '2021-07-17 18:27:36'),
(209, 10, 209, 'Kudus - (Kabupaten)', '2021-07-17 18:27:36', '2021-07-17 18:27:36'),
(210, 5, 210, 'Kulon Progo - (Kabupaten)', '2021-07-17 18:27:36', '2021-07-17 18:27:36'),
(211, 9, 211, 'Kuningan - (Kabupaten)', '2021-07-17 18:27:36', '2021-07-17 18:27:36'),
(212, 23, 212, 'Kupang - (Kabupaten)', '2021-07-17 18:27:36', '2021-07-17 18:27:36'),
(213, 23, 213, 'Kupang - (Kota)', '2021-07-17 18:27:36', '2021-07-17 18:27:36'),
(214, 15, 214, 'Kutai Barat - (Kabupaten)', '2021-07-17 18:27:36', '2021-07-17 18:27:36'),
(215, 15, 215, 'Kutai Kartanegara - (Kabupaten)', '2021-07-17 18:27:36', '2021-07-17 18:27:36'),
(216, 15, 216, 'Kutai Timur - (Kabupaten)', '2021-07-17 18:27:36', '2021-07-17 18:27:36'),
(217, 34, 217, 'Labuhan Batu - (Kabupaten)', '2021-07-17 18:27:36', '2021-07-17 18:27:36'),
(218, 34, 218, 'Labuhan Batu Selatan - (Kabupaten)', '2021-07-17 18:27:36', '2021-07-17 18:27:36'),
(219, 34, 219, 'Labuhan Batu Utara - (Kabupaten)', '2021-07-17 18:27:36', '2021-07-17 18:27:36'),
(220, 33, 220, 'Lahat - (Kabupaten)', '2021-07-17 18:27:36', '2021-07-17 18:27:36'),
(221, 14, 221, 'Lamandau - (Kabupaten)', '2021-07-17 18:27:36', '2021-07-17 18:27:36'),
(222, 11, 222, 'Lamongan - (Kabupaten)', '2021-07-17 18:27:36', '2021-07-17 18:27:36'),
(223, 18, 223, 'Lampung Barat - (Kabupaten)', '2021-07-17 18:27:36', '2021-07-17 18:27:36'),
(224, 18, 224, 'Lampung Selatan - (Kabupaten)', '2021-07-17 18:27:36', '2021-07-17 18:27:36'),
(225, 18, 225, 'Lampung Tengah - (Kabupaten)', '2021-07-17 18:27:36', '2021-07-17 18:27:36'),
(226, 18, 226, 'Lampung Timur - (Kabupaten)', '2021-07-17 18:27:36', '2021-07-17 18:27:36'),
(227, 18, 227, 'Lampung Utara - (Kabupaten)', '2021-07-17 18:27:36', '2021-07-17 18:27:36'),
(228, 12, 228, 'Landak - (Kabupaten)', '2021-07-17 18:27:36', '2021-07-17 18:27:36'),
(229, 34, 229, 'Langkat - (Kabupaten)', '2021-07-17 18:27:36', '2021-07-17 18:27:36'),
(230, 21, 230, 'Langsa - (Kota)', '2021-07-17 18:27:36', '2021-07-17 18:27:36'),
(231, 24, 231, 'Lanny Jaya - (Kabupaten)', '2021-07-17 18:27:36', '2021-07-17 18:27:36'),
(232, 3, 232, 'Lebak - (Kabupaten)', '2021-07-17 18:27:36', '2021-07-17 18:27:36'),
(233, 4, 233, 'Lebong - (Kabupaten)', '2021-07-17 18:27:36', '2021-07-17 18:27:36'),
(234, 23, 234, 'Lembata - (Kabupaten)', '2021-07-17 18:27:36', '2021-07-17 18:27:36'),
(235, 21, 235, 'Lhokseumawe - (Kota)', '2021-07-17 18:27:36', '2021-07-17 18:27:36'),
(236, 32, 236, 'Lima Puluh Koto/Kota - (Kabupaten)', '2021-07-17 18:27:36', '2021-07-17 18:27:36'),
(237, 17, 237, 'Lingga - (Kabupaten)', '2021-07-17 18:27:36', '2021-07-17 18:27:36'),
(238, 22, 238, 'Lombok Barat - (Kabupaten)', '2021-07-17 18:27:36', '2021-07-17 18:27:36'),
(239, 22, 239, 'Lombok Tengah - (Kabupaten)', '2021-07-17 18:27:36', '2021-07-17 18:27:36'),
(240, 22, 240, 'Lombok Timur - (Kabupaten)', '2021-07-17 18:27:36', '2021-07-17 18:27:36'),
(241, 22, 241, 'Lombok Utara - (Kabupaten)', '2021-07-17 18:27:36', '2021-07-17 18:27:36'),
(242, 33, 242, 'Lubuk Linggau - (Kota)', '2021-07-17 18:27:36', '2021-07-17 18:27:36'),
(243, 11, 243, 'Lumajang - (Kabupaten)', '2021-07-17 18:27:36', '2021-07-17 18:27:36'),
(244, 28, 244, 'Luwu - (Kabupaten)', '2021-07-17 18:27:36', '2021-07-17 18:27:36'),
(245, 28, 245, 'Luwu Timur - (Kabupaten)', '2021-07-17 18:27:36', '2021-07-17 18:27:36'),
(246, 28, 246, 'Luwu Utara - (Kabupaten)', '2021-07-17 18:27:36', '2021-07-17 18:27:36'),
(247, 11, 247, 'Madiun - (Kabupaten)', '2021-07-17 18:27:36', '2021-07-17 18:27:36'),
(248, 11, 248, 'Madiun - (Kota)', '2021-07-17 18:27:36', '2021-07-17 18:27:36'),
(249, 10, 249, 'Magelang - (Kabupaten)', '2021-07-17 18:27:36', '2021-07-17 18:27:36'),
(250, 10, 250, 'Magelang - (Kota)', '2021-07-17 18:27:36', '2021-07-17 18:27:36'),
(251, 11, 251, 'Magetan - (Kabupaten)', '2021-07-17 18:27:36', '2021-07-17 18:27:36'),
(252, 9, 252, 'Majalengka - (Kabupaten)', '2021-07-17 18:27:36', '2021-07-17 18:27:36'),
(253, 27, 253, 'Majene - (Kabupaten)', '2021-07-17 18:27:36', '2021-07-17 18:27:36'),
(254, 28, 254, 'Makassar - (Kota)', '2021-07-17 18:27:36', '2021-07-17 18:27:36'),
(255, 11, 255, 'Malang - (Kabupaten)', '2021-07-17 18:27:36', '2021-07-17 18:27:36'),
(256, 11, 256, 'Malang - (Kota)', '2021-07-17 18:27:36', '2021-07-17 18:27:36'),
(257, 16, 257, 'Malinau - (Kabupaten)', '2021-07-17 18:27:36', '2021-07-17 18:27:36'),
(258, 19, 258, 'Maluku Barat Daya - (Kabupaten)', '2021-07-17 18:27:36', '2021-07-17 18:27:36'),
(259, 19, 259, 'Maluku Tengah - (Kabupaten)', '2021-07-17 18:27:36', '2021-07-17 18:27:36'),
(260, 19, 260, 'Maluku Tenggara - (Kabupaten)', '2021-07-17 18:27:36', '2021-07-17 18:27:36'),
(261, 19, 261, 'Maluku Tenggara Barat - (Kabupaten)', '2021-07-17 18:27:36', '2021-07-17 18:27:36'),
(262, 27, 262, 'Mamasa - (Kabupaten)', '2021-07-17 18:27:36', '2021-07-17 18:27:36'),
(263, 24, 263, 'Mamberamo Raya - (Kabupaten)', '2021-07-17 18:27:36', '2021-07-17 18:27:36'),
(264, 24, 264, 'Mamberamo Tengah - (Kabupaten)', '2021-07-17 18:27:36', '2021-07-17 18:27:36'),
(265, 27, 265, 'Mamuju - (Kabupaten)', '2021-07-17 18:27:36', '2021-07-17 18:27:36'),
(266, 27, 266, 'Mamuju Utara - (Kabupaten)', '2021-07-17 18:27:36', '2021-07-17 18:27:36'),
(267, 31, 267, 'Manado - (Kota)', '2021-07-17 18:27:36', '2021-07-17 18:27:36'),
(268, 34, 268, 'Mandailing Natal - (Kabupaten)', '2021-07-17 18:27:36', '2021-07-17 18:27:36'),
(269, 23, 269, 'Manggarai - (Kabupaten)', '2021-07-17 18:27:36', '2021-07-17 18:27:36'),
(270, 23, 270, 'Manggarai Barat - (Kabupaten)', '2021-07-17 18:27:36', '2021-07-17 18:27:36'),
(271, 23, 271, 'Manggarai Timur - (Kabupaten)', '2021-07-17 18:27:36', '2021-07-17 18:27:36'),
(272, 25, 272, 'Manokwari - (Kabupaten)', '2021-07-17 18:27:36', '2021-07-17 18:27:36'),
(273, 25, 273, 'Manokwari Selatan - (Kabupaten)', '2021-07-17 18:27:36', '2021-07-17 18:27:36'),
(274, 24, 274, 'Mappi - (Kabupaten)', '2021-07-17 18:27:36', '2021-07-17 18:27:36'),
(275, 28, 275, 'Maros - (Kabupaten)', '2021-07-17 18:27:36', '2021-07-17 18:27:36'),
(276, 22, 276, 'Mataram - (Kota)', '2021-07-17 18:27:36', '2021-07-17 18:27:36'),
(277, 25, 277, 'Maybrat - (Kabupaten)', '2021-07-17 18:27:36', '2021-07-17 18:27:36'),
(278, 34, 278, 'Medan - (Kota)', '2021-07-17 18:27:36', '2021-07-17 18:27:36'),
(279, 12, 279, 'Melawi - (Kabupaten)', '2021-07-17 18:27:36', '2021-07-17 18:27:36'),
(280, 8, 280, 'Merangin - (Kabupaten)', '2021-07-17 18:27:36', '2021-07-17 18:27:36'),
(281, 24, 281, 'Merauke - (Kabupaten)', '2021-07-17 18:27:36', '2021-07-17 18:27:36'),
(282, 18, 282, 'Mesuji - (Kabupaten)', '2021-07-17 18:27:36', '2021-07-17 18:27:36'),
(283, 18, 283, 'Metro - (Kota)', '2021-07-17 18:27:36', '2021-07-17 18:27:36'),
(284, 24, 284, 'Mimika - (Kabupaten)', '2021-07-17 18:27:36', '2021-07-17 18:27:36'),
(285, 31, 285, 'Minahasa - (Kabupaten)', '2021-07-17 18:27:36', '2021-07-17 18:27:36'),
(286, 31, 286, 'Minahasa Selatan - (Kabupaten)', '2021-07-17 18:27:36', '2021-07-17 18:27:36'),
(287, 31, 287, 'Minahasa Tenggara - (Kabupaten)', '2021-07-17 18:27:36', '2021-07-17 18:27:36'),
(288, 31, 288, 'Minahasa Utara - (Kabupaten)', '2021-07-17 18:27:36', '2021-07-17 18:27:36'),
(289, 11, 289, 'Mojokerto - (Kabupaten)', '2021-07-17 18:27:36', '2021-07-17 18:27:36'),
(290, 11, 290, 'Mojokerto - (Kota)', '2021-07-17 18:27:36', '2021-07-17 18:27:36'),
(291, 29, 291, 'Morowali - (Kabupaten)', '2021-07-17 18:27:36', '2021-07-17 18:27:36'),
(292, 33, 292, 'Muara Enim - (Kabupaten)', '2021-07-17 18:27:36', '2021-07-17 18:27:36'),
(293, 8, 293, 'Muaro Jambi - (Kabupaten)', '2021-07-17 18:27:36', '2021-07-17 18:27:36'),
(294, 4, 294, 'Muko Muko - (Kabupaten)', '2021-07-17 18:27:36', '2021-07-17 18:27:36'),
(295, 30, 295, 'Muna - (Kabupaten)', '2021-07-17 18:27:36', '2021-07-17 18:27:36'),
(296, 14, 296, 'Murung Raya - (Kabupaten)', '2021-07-17 18:27:36', '2021-07-17 18:27:36'),
(297, 33, 297, 'Musi Banyuasin - (Kabupaten)', '2021-07-17 18:27:36', '2021-07-17 18:27:36'),
(298, 33, 298, 'Musi Rawas - (Kabupaten)', '2021-07-17 18:27:36', '2021-07-17 18:27:36'),
(299, 24, 299, 'Nabire - (Kabupaten)', '2021-07-17 18:27:36', '2021-07-17 18:27:36'),
(300, 21, 300, 'Nagan Raya - (Kabupaten)', '2021-07-17 18:27:36', '2021-07-17 18:27:36'),
(301, 23, 301, 'Nagekeo - (Kabupaten)', '2021-07-17 18:27:36', '2021-07-17 18:27:36'),
(302, 17, 302, 'Natuna - (Kabupaten)', '2021-07-17 18:27:36', '2021-07-17 18:27:36'),
(303, 24, 303, 'Nduga - (Kabupaten)', '2021-07-17 18:27:36', '2021-07-17 18:27:36'),
(304, 23, 304, 'Ngada - (Kabupaten)', '2021-07-17 18:27:36', '2021-07-17 18:27:36'),
(305, 11, 305, 'Nganjuk - (Kabupaten)', '2021-07-17 18:27:36', '2021-07-17 18:27:36'),
(306, 11, 306, 'Ngawi - (Kabupaten)', '2021-07-17 18:27:36', '2021-07-17 18:27:36'),
(307, 34, 307, 'Nias - (Kabupaten)', '2021-07-17 18:27:36', '2021-07-17 18:27:36'),
(308, 34, 308, 'Nias Barat - (Kabupaten)', '2021-07-17 18:27:36', '2021-07-17 18:27:36'),
(309, 34, 309, 'Nias Selatan - (Kabupaten)', '2021-07-17 18:27:36', '2021-07-17 18:27:36'),
(310, 34, 310, 'Nias Utara - (Kabupaten)', '2021-07-17 18:27:36', '2021-07-17 18:27:36'),
(311, 16, 311, 'Nunukan - (Kabupaten)', '2021-07-17 18:27:36', '2021-07-17 18:27:36'),
(312, 33, 312, 'Ogan Ilir - (Kabupaten)', '2021-07-17 18:27:36', '2021-07-17 18:27:36'),
(313, 33, 313, 'Ogan Komering Ilir - (Kabupaten)', '2021-07-17 18:27:36', '2021-07-17 18:27:36'),
(314, 33, 314, 'Ogan Komering Ulu - (Kabupaten)', '2021-07-17 18:27:36', '2021-07-17 18:27:36'),
(315, 33, 315, 'Ogan Komering Ulu Selatan - (Kabupaten)', '2021-07-17 18:27:36', '2021-07-17 18:27:36'),
(316, 33, 316, 'Ogan Komering Ulu Timur - (Kabupaten)', '2021-07-17 18:27:36', '2021-07-17 18:27:36'),
(317, 11, 317, 'Pacitan - (Kabupaten)', '2021-07-17 18:27:36', '2021-07-17 18:27:36'),
(318, 32, 318, 'Padang - (Kota)', '2021-07-17 18:27:36', '2021-07-17 18:27:36'),
(319, 34, 319, 'Padang Lawas - (Kabupaten)', '2021-07-17 18:27:36', '2021-07-17 18:27:36'),
(320, 34, 320, 'Padang Lawas Utara - (Kabupaten)', '2021-07-17 18:27:36', '2021-07-17 18:27:36'),
(321, 32, 321, 'Padang Panjang - (Kota)', '2021-07-17 18:27:36', '2021-07-17 18:27:36'),
(322, 32, 322, 'Padang Pariaman - (Kabupaten)', '2021-07-17 18:27:36', '2021-07-17 18:27:36'),
(323, 34, 323, 'Padang Sidempuan - (Kota)', '2021-07-17 18:27:36', '2021-07-17 18:27:36'),
(324, 33, 324, 'Pagar Alam - (Kota)', '2021-07-17 18:27:36', '2021-07-17 18:27:36'),
(325, 34, 325, 'Pakpak Bharat - (Kabupaten)', '2021-07-17 18:27:36', '2021-07-17 18:27:36'),
(326, 14, 326, 'Palangka Raya - (Kota)', '2021-07-17 18:27:36', '2021-07-17 18:27:36'),
(327, 33, 327, 'Palembang - (Kota)', '2021-07-17 18:27:36', '2021-07-17 18:27:36'),
(328, 28, 328, 'Palopo - (Kota)', '2021-07-17 18:27:36', '2021-07-17 18:27:36'),
(329, 29, 329, 'Palu - (Kota)', '2021-07-17 18:27:36', '2021-07-17 18:27:36'),
(330, 11, 330, 'Pamekasan - (Kabupaten)', '2021-07-17 18:27:36', '2021-07-17 18:27:36'),
(331, 3, 331, 'Pandeglang - (Kabupaten)', '2021-07-17 18:27:36', '2021-07-17 18:27:36'),
(332, 9, 332, 'Pangandaran - (Kabupaten)', '2021-07-17 18:27:36', '2021-07-17 18:27:36'),
(333, 28, 333, 'Pangkajene Kepulauan - (Kabupaten)', '2021-07-17 18:27:36', '2021-07-17 18:27:36'),
(334, 2, 334, 'Pangkal Pinang - (Kota)', '2021-07-17 18:27:36', '2021-07-17 18:27:36'),
(335, 24, 335, 'Paniai - (Kabupaten)', '2021-07-17 18:27:36', '2021-07-17 18:27:36'),
(336, 28, 336, 'Parepare - (Kota)', '2021-07-17 18:27:36', '2021-07-17 18:27:36'),
(337, 32, 337, 'Pariaman - (Kota)', '2021-07-17 18:27:36', '2021-07-17 18:27:36'),
(338, 29, 338, 'Parigi Moutong - (Kabupaten)', '2021-07-17 18:27:36', '2021-07-17 18:27:36'),
(339, 32, 339, 'Pasaman - (Kabupaten)', '2021-07-17 18:27:36', '2021-07-17 18:27:36'),
(340, 32, 340, 'Pasaman Barat - (Kabupaten)', '2021-07-17 18:27:36', '2021-07-17 18:27:36'),
(341, 15, 341, 'Paser - (Kabupaten)', '2021-07-17 18:27:36', '2021-07-17 18:27:36'),
(342, 11, 342, 'Pasuruan - (Kabupaten)', '2021-07-17 18:27:36', '2021-07-17 18:27:36'),
(343, 11, 343, 'Pasuruan - (Kota)', '2021-07-17 18:27:36', '2021-07-17 18:27:36'),
(344, 10, 344, 'Pati - (Kabupaten)', '2021-07-17 18:27:36', '2021-07-17 18:27:36'),
(345, 32, 345, 'Payakumbuh - (Kota)', '2021-07-17 18:27:36', '2021-07-17 18:27:36'),
(346, 25, 346, 'Pegunungan Arfak - (Kabupaten)', '2021-07-17 18:27:36', '2021-07-17 18:27:36'),
(347, 24, 347, 'Pegunungan Bintang - (Kabupaten)', '2021-07-17 18:27:36', '2021-07-17 18:27:36'),
(348, 10, 348, 'Pekalongan - (Kabupaten)', '2021-07-17 18:27:36', '2021-07-17 18:27:36'),
(349, 10, 349, 'Pekalongan - (Kota)', '2021-07-17 18:27:36', '2021-07-17 18:27:36'),
(350, 26, 350, 'Pekanbaru - (Kota)', '2021-07-17 18:27:36', '2021-07-17 18:27:36'),
(351, 26, 351, 'Pelalawan - (Kabupaten)', '2021-07-17 18:27:36', '2021-07-17 18:27:36'),
(352, 10, 352, 'Pemalang - (Kabupaten)', '2021-07-17 18:27:36', '2021-07-17 18:27:36'),
(353, 34, 353, 'Pematang Siantar - (Kota)', '2021-07-17 18:27:36', '2021-07-17 18:27:36'),
(354, 15, 354, 'Penajam Paser Utara - (Kabupaten)', '2021-07-17 18:27:36', '2021-07-17 18:27:36'),
(355, 18, 355, 'Pesawaran - (Kabupaten)', '2021-07-17 18:27:36', '2021-07-17 18:27:36'),
(356, 18, 356, 'Pesisir Barat - (Kabupaten)', '2021-07-17 18:27:36', '2021-07-17 18:27:36'),
(357, 32, 357, 'Pesisir Selatan - (Kabupaten)', '2021-07-17 18:27:36', '2021-07-17 18:27:36'),
(358, 21, 358, 'Pidie - (Kabupaten)', '2021-07-17 18:27:36', '2021-07-17 18:27:36'),
(359, 21, 359, 'Pidie Jaya - (Kabupaten)', '2021-07-17 18:27:36', '2021-07-17 18:27:36'),
(360, 28, 360, 'Pinrang - (Kabupaten)', '2021-07-17 18:27:36', '2021-07-17 18:27:36'),
(361, 7, 361, 'Pohuwato - (Kabupaten)', '2021-07-17 18:27:36', '2021-07-17 18:27:36'),
(362, 27, 362, 'Polewali Mandar - (Kabupaten)', '2021-07-17 18:27:36', '2021-07-17 18:27:36'),
(363, 11, 363, 'Ponorogo - (Kabupaten)', '2021-07-17 18:27:36', '2021-07-17 18:27:36'),
(364, 12, 364, 'Pontianak - (Kabupaten)', '2021-07-17 18:27:36', '2021-07-17 18:27:36'),
(365, 12, 365, 'Pontianak - (Kota)', '2021-07-17 18:27:36', '2021-07-17 18:27:36'),
(366, 29, 366, 'Poso - (Kabupaten)', '2021-07-17 18:27:36', '2021-07-17 18:27:36'),
(367, 33, 367, 'Prabumulih - (Kota)', '2021-07-17 18:27:36', '2021-07-17 18:27:36'),
(368, 18, 368, 'Pringsewu - (Kabupaten)', '2021-07-17 18:27:36', '2021-07-17 18:27:36'),
(369, 11, 369, 'Probolinggo - (Kabupaten)', '2021-07-17 18:27:36', '2021-07-17 18:27:36'),
(370, 11, 370, 'Probolinggo - (Kota)', '2021-07-17 18:27:36', '2021-07-17 18:27:36'),
(371, 14, 371, 'Pulang Pisau - (Kabupaten)', '2021-07-17 18:27:36', '2021-07-17 18:27:36'),
(372, 20, 372, 'Pulau Morotai - (Kabupaten)', '2021-07-17 18:27:36', '2021-07-17 18:27:36'),
(373, 24, 373, 'Puncak - (Kabupaten)', '2021-07-17 18:27:36', '2021-07-17 18:27:36'),
(374, 24, 374, 'Puncak Jaya - (Kabupaten)', '2021-07-17 18:27:36', '2021-07-17 18:27:36'),
(375, 10, 375, 'Purbalingga - (Kabupaten)', '2021-07-17 18:27:36', '2021-07-17 18:27:36'),
(376, 9, 376, 'Purwakarta - (Kabupaten)', '2021-07-17 18:27:36', '2021-07-17 18:27:36'),
(377, 10, 377, 'Purworejo - (Kabupaten)', '2021-07-17 18:27:36', '2021-07-17 18:27:36'),
(378, 25, 378, 'Raja Ampat - (Kabupaten)', '2021-07-17 18:27:36', '2021-07-17 18:27:36'),
(379, 4, 379, 'Rejang Lebong - (Kabupaten)', '2021-07-17 18:27:36', '2021-07-17 18:27:36'),
(380, 10, 380, 'Rembang - (Kabupaten)', '2021-07-17 18:27:36', '2021-07-17 18:27:36'),
(381, 26, 381, 'Rokan Hilir - (Kabupaten)', '2021-07-17 18:27:36', '2021-07-17 18:27:36'),
(382, 26, 382, 'Rokan Hulu - (Kabupaten)', '2021-07-17 18:27:36', '2021-07-17 18:27:36'),
(383, 23, 383, 'Rote Ndao - (Kabupaten)', '2021-07-17 18:27:36', '2021-07-17 18:27:36'),
(384, 21, 384, 'Sabang - (Kota)', '2021-07-17 18:27:36', '2021-07-17 18:27:36'),
(385, 23, 385, 'Sabu Raijua - (Kabupaten)', '2021-07-17 18:27:36', '2021-07-17 18:27:36'),
(386, 10, 386, 'Salatiga - (Kota)', '2021-07-17 18:27:36', '2021-07-17 18:27:36'),
(387, 15, 387, 'Samarinda - (Kota)', '2021-07-17 18:27:36', '2021-07-17 18:27:36'),
(388, 12, 388, 'Sambas - (Kabupaten)', '2021-07-17 18:27:36', '2021-07-17 18:27:36'),
(389, 34, 389, 'Samosir - (Kabupaten)', '2021-07-17 18:27:36', '2021-07-17 18:27:36'),
(390, 11, 390, 'Sampang - (Kabupaten)', '2021-07-17 18:27:36', '2021-07-17 18:27:36'),
(391, 12, 391, 'Sanggau - (Kabupaten)', '2021-07-17 18:27:36', '2021-07-17 18:27:36'),
(392, 24, 392, 'Sarmi - (Kabupaten)', '2021-07-17 18:27:36', '2021-07-17 18:27:36'),
(393, 8, 393, 'Sarolangun - (Kabupaten)', '2021-07-17 18:27:36', '2021-07-17 18:27:36'),
(394, 32, 394, 'Sawah Lunto - (Kota)', '2021-07-17 18:27:36', '2021-07-17 18:27:36'),
(395, 12, 395, 'Sekadau - (Kabupaten)', '2021-07-17 18:27:36', '2021-07-17 18:27:36'),
(396, 28, 396, 'Selayar (Kepulauan Selayar) - (Kabupaten)', '2021-07-17 18:27:36', '2021-07-17 18:27:36'),
(397, 4, 397, 'Seluma - (Kabupaten)', '2021-07-17 18:27:36', '2021-07-17 18:27:36'),
(398, 10, 398, 'Semarang - (Kabupaten)', '2021-07-17 18:27:36', '2021-07-17 18:27:36'),
(399, 10, 399, 'Semarang - (Kota)', '2021-07-17 18:27:36', '2021-07-17 18:27:36'),
(400, 19, 400, 'Seram Bagian Barat - (Kabupaten)', '2021-07-17 18:27:36', '2021-07-17 18:27:36'),
(401, 19, 401, 'Seram Bagian Timur - (Kabupaten)', '2021-07-17 18:27:36', '2021-07-17 18:27:36'),
(402, 3, 402, 'Serang - (Kabupaten)', '2021-07-17 18:27:36', '2021-07-17 18:27:36'),
(403, 3, 403, 'Serang - (Kota)', '2021-07-17 18:27:36', '2021-07-17 18:27:36'),
(404, 34, 404, 'Serdang Bedagai - (Kabupaten)', '2021-07-17 18:27:36', '2021-07-17 18:27:36'),
(405, 14, 405, 'Seruyan - (Kabupaten)', '2021-07-17 18:27:36', '2021-07-17 18:27:36'),
(406, 26, 406, 'Siak - (Kabupaten)', '2021-07-17 18:27:36', '2021-07-17 18:27:36'),
(407, 34, 407, 'Sibolga - (Kota)', '2021-07-17 18:27:36', '2021-07-17 18:27:36'),
(408, 28, 408, 'Sidenreng Rappang/Rapang - (Kabupaten)', '2021-07-17 18:27:36', '2021-07-17 18:27:36'),
(409, 11, 409, 'Sidoarjo - (Kabupaten)', '2021-07-17 18:27:36', '2021-07-17 18:27:36'),
(410, 29, 410, 'Sigi - (Kabupaten)', '2021-07-17 18:27:36', '2021-07-17 18:27:36'),
(411, 32, 411, 'Sijunjung (Sawah Lunto Sijunjung) - (Kabupaten)', '2021-07-17 18:27:36', '2021-07-17 18:27:36'),
(412, 23, 412, 'Sikka - (Kabupaten)', '2021-07-17 18:27:36', '2021-07-17 18:27:36'),
(413, 34, 413, 'Simalungun - (Kabupaten)', '2021-07-17 18:27:36', '2021-07-17 18:27:36'),
(414, 21, 414, 'Simeulue - (Kabupaten)', '2021-07-17 18:27:36', '2021-07-17 18:27:36'),
(415, 12, 415, 'Singkawang - (Kota)', '2021-07-17 18:27:36', '2021-07-17 18:27:36'),
(416, 28, 416, 'Sinjai - (Kabupaten)', '2021-07-17 18:27:36', '2021-07-17 18:27:36'),
(417, 12, 417, 'Sintang - (Kabupaten)', '2021-07-17 18:27:36', '2021-07-17 18:27:36'),
(418, 11, 418, 'Situbondo - (Kabupaten)', '2021-07-17 18:27:36', '2021-07-17 18:27:36'),
(419, 5, 419, 'Sleman - (Kabupaten)', '2021-07-17 18:27:36', '2021-07-17 18:27:36'),
(420, 32, 420, 'Solok - (Kabupaten)', '2021-07-17 18:27:36', '2021-07-17 18:27:36'),
(421, 32, 421, 'Solok - (Kota)', '2021-07-17 18:27:36', '2021-07-17 18:27:36'),
(422, 32, 422, 'Solok Selatan - (Kabupaten)', '2021-07-17 18:27:36', '2021-07-17 18:27:36'),
(423, 28, 423, 'Soppeng - (Kabupaten)', '2021-07-17 18:27:36', '2021-07-17 18:27:36'),
(424, 25, 424, 'Sorong - (Kabupaten)', '2021-07-17 18:27:36', '2021-07-17 18:27:36'),
(425, 25, 425, 'Sorong - (Kota)', '2021-07-17 18:27:36', '2021-07-17 18:27:36'),
(426, 25, 426, 'Sorong Selatan - (Kabupaten)', '2021-07-17 18:27:36', '2021-07-17 18:27:36'),
(427, 10, 427, 'Sragen - (Kabupaten)', '2021-07-17 18:27:36', '2021-07-17 18:27:36'),
(428, 9, 428, 'Subang - (Kabupaten)', '2021-07-17 18:27:36', '2021-07-17 18:27:36'),
(429, 21, 429, 'Subulussalam - (Kota)', '2021-07-17 18:27:36', '2021-07-17 18:27:36'),
(430, 9, 430, 'Sukabumi - (Kabupaten)', '2021-07-17 18:27:36', '2021-07-17 18:27:36'),
(431, 9, 431, 'Sukabumi - (Kota)', '2021-07-17 18:27:36', '2021-07-17 18:27:36'),
(432, 14, 432, 'Sukamara - (Kabupaten)', '2021-07-17 18:27:36', '2021-07-17 18:27:36'),
(433, 10, 433, 'Sukoharjo - (Kabupaten)', '2021-07-17 18:27:36', '2021-07-17 18:27:36'),
(434, 23, 434, 'Sumba Barat - (Kabupaten)', '2021-07-17 18:27:36', '2021-07-17 18:27:36'),
(435, 23, 435, 'Sumba Barat Daya - (Kabupaten)', '2021-07-17 18:27:36', '2021-07-17 18:27:36'),
(436, 23, 436, 'Sumba Tengah - (Kabupaten)', '2021-07-17 18:27:36', '2021-07-17 18:27:36'),
(437, 23, 437, 'Sumba Timur - (Kabupaten)', '2021-07-17 18:27:36', '2021-07-17 18:27:36'),
(438, 22, 438, 'Sumbawa - (Kabupaten)', '2021-07-17 18:27:36', '2021-07-17 18:27:36'),
(439, 22, 439, 'Sumbawa Barat - (Kabupaten)', '2021-07-17 18:27:36', '2021-07-17 18:27:36'),
(440, 9, 440, 'Sumedang - (Kabupaten)', '2021-07-17 18:27:36', '2021-07-17 18:27:36'),
(441, 11, 441, 'Sumenep - (Kabupaten)', '2021-07-17 18:27:36', '2021-07-17 18:27:36'),
(442, 8, 442, 'Sungaipenuh - (Kota)', '2021-07-17 18:27:37', '2021-07-17 18:27:37'),
(443, 24, 443, 'Supiori - (Kabupaten)', '2021-07-17 18:27:37', '2021-07-17 18:27:37'),
(444, 11, 444, 'Surabaya - (Kota)', '2021-07-17 18:27:37', '2021-07-17 18:27:37'),
(445, 10, 445, 'Surakarta (Solo) - (Kota)', '2021-07-17 18:27:37', '2021-07-17 18:27:37'),
(446, 13, 446, 'Tabalong - (Kabupaten)', '2021-07-17 18:27:37', '2021-07-17 18:27:37'),
(447, 1, 447, 'Tabanan - (Kabupaten)', '2021-07-17 18:27:37', '2021-07-17 18:27:37'),
(448, 28, 448, 'Takalar - (Kabupaten)', '2021-07-17 18:27:37', '2021-07-17 18:27:37'),
(449, 25, 449, 'Tambrauw - (Kabupaten)', '2021-07-17 18:27:37', '2021-07-17 18:27:37'),
(450, 16, 450, 'Tana Tidung - (Kabupaten)', '2021-07-17 18:27:37', '2021-07-17 18:27:37'),
(451, 28, 451, 'Tana Toraja - (Kabupaten)', '2021-07-17 18:27:37', '2021-07-17 18:27:37'),
(452, 13, 452, 'Tanah Bumbu - (Kabupaten)', '2021-07-17 18:27:37', '2021-07-17 18:27:37'),
(453, 32, 453, 'Tanah Datar - (Kabupaten)', '2021-07-17 18:27:37', '2021-07-17 18:27:37'),
(454, 13, 454, 'Tanah Laut - (Kabupaten)', '2021-07-17 18:27:37', '2021-07-17 18:27:37'),
(455, 3, 455, 'Tangerang - (Kabupaten)', '2021-07-17 18:27:37', '2021-07-17 18:27:37'),
(456, 3, 456, 'Tangerang - (Kota)', '2021-07-17 18:27:37', '2021-07-17 18:27:37'),
(457, 3, 457, 'Tangerang Selatan - (Kota)', '2021-07-17 18:27:37', '2021-07-17 18:27:37'),
(458, 18, 458, 'Tanggamus - (Kabupaten)', '2021-07-17 18:27:37', '2021-07-17 18:27:37'),
(459, 34, 459, 'Tanjung Balai - (Kota)', '2021-07-17 18:27:37', '2021-07-17 18:27:37'),
(460, 8, 460, 'Tanjung Jabung Barat - (Kabupaten)', '2021-07-17 18:27:37', '2021-07-17 18:27:37'),
(461, 8, 461, 'Tanjung Jabung Timur - (Kabupaten)', '2021-07-17 18:27:37', '2021-07-17 18:27:37'),
(462, 17, 462, 'Tanjung Pinang - (Kota)', '2021-07-17 18:27:37', '2021-07-17 18:27:37'),
(463, 34, 463, 'Tapanuli Selatan - (Kabupaten)', '2021-07-17 18:27:37', '2021-07-17 18:27:37'),
(464, 34, 464, 'Tapanuli Tengah - (Kabupaten)', '2021-07-17 18:27:37', '2021-07-17 18:27:37'),
(465, 34, 465, 'Tapanuli Utara - (Kabupaten)', '2021-07-17 18:27:37', '2021-07-17 18:27:37'),
(466, 13, 466, 'Tapin - (Kabupaten)', '2021-07-17 18:27:37', '2021-07-17 18:27:37'),
(467, 16, 467, 'Tarakan - (Kota)', '2021-07-17 18:27:37', '2021-07-17 18:27:37'),
(468, 9, 468, 'Tasikmalaya - (Kabupaten)', '2021-07-17 18:27:37', '2021-07-17 18:27:37'),
(469, 9, 469, 'Tasikmalaya - (Kota)', '2021-07-17 18:27:37', '2021-07-17 18:27:37'),
(470, 34, 470, 'Tebing Tinggi - (Kota)', '2021-07-17 18:27:37', '2021-07-17 18:27:37'),
(471, 8, 471, 'Tebo - (Kabupaten)', '2021-07-17 18:27:37', '2021-07-17 18:27:37'),
(472, 10, 472, 'Tegal - (Kabupaten)', '2021-07-17 18:27:37', '2021-07-17 18:27:37'),
(473, 10, 473, 'Tegal - (Kota)', '2021-07-17 18:27:37', '2021-07-17 18:27:37'),
(474, 25, 474, 'Teluk Bintuni - (Kabupaten)', '2021-07-17 18:27:37', '2021-07-17 18:27:37'),
(475, 25, 475, 'Teluk Wondama - (Kabupaten)', '2021-07-17 18:27:37', '2021-07-17 18:27:37'),
(476, 10, 476, 'Temanggung - (Kabupaten)', '2021-07-17 18:27:37', '2021-07-17 18:27:37'),
(477, 20, 477, 'Ternate - (Kota)', '2021-07-17 18:27:37', '2021-07-17 18:27:37'),
(478, 20, 478, 'Tidore Kepulauan - (Kota)', '2021-07-17 18:27:37', '2021-07-17 18:27:37'),
(479, 23, 479, 'Timor Tengah Selatan - (Kabupaten)', '2021-07-17 18:27:37', '2021-07-17 18:27:37'),
(480, 23, 480, 'Timor Tengah Utara - (Kabupaten)', '2021-07-17 18:27:37', '2021-07-17 18:27:37'),
(481, 34, 481, 'Toba Samosir - (Kabupaten)', '2021-07-17 18:27:37', '2021-07-17 18:27:37'),
(482, 29, 482, 'Tojo Una-Una - (Kabupaten)', '2021-07-17 18:27:37', '2021-07-17 18:27:37'),
(483, 29, 483, 'Toli-Toli - (Kabupaten)', '2021-07-17 18:27:37', '2021-07-17 18:27:37'),
(484, 24, 484, 'Tolikara - (Kabupaten)', '2021-07-17 18:27:37', '2021-07-17 18:27:37'),
(485, 31, 485, 'Tomohon - (Kota)', '2021-07-17 18:27:37', '2021-07-17 18:27:37'),
(486, 28, 486, 'Toraja Utara - (Kabupaten)', '2021-07-17 18:27:37', '2021-07-17 18:27:37'),
(487, 11, 487, 'Trenggalek - (Kabupaten)', '2021-07-17 18:27:37', '2021-07-17 18:27:37'),
(488, 19, 488, 'Tual - (Kota)', '2021-07-17 18:27:37', '2021-07-17 18:27:37'),
(489, 11, 489, 'Tuban - (Kabupaten)', '2021-07-17 18:27:37', '2021-07-17 18:27:37'),
(490, 18, 490, 'Tulang Bawang - (Kabupaten)', '2021-07-17 18:27:37', '2021-07-17 18:27:37'),
(491, 18, 491, 'Tulang Bawang Barat - (Kabupaten)', '2021-07-17 18:27:37', '2021-07-17 18:27:37'),
(492, 11, 492, 'Tulungagung - (Kabupaten)', '2021-07-17 18:27:37', '2021-07-17 18:27:37'),
(493, 28, 493, 'Wajo - (Kabupaten)', '2021-07-17 18:27:37', '2021-07-17 18:27:37'),
(494, 30, 494, 'Wakatobi - (Kabupaten)', '2021-07-17 18:27:37', '2021-07-17 18:27:37'),
(495, 24, 495, 'Waropen - (Kabupaten)', '2021-07-17 18:27:37', '2021-07-17 18:27:37'),
(496, 18, 496, 'Way Kanan - (Kabupaten)', '2021-07-17 18:27:37', '2021-07-17 18:27:37'),
(497, 10, 497, 'Wonogiri - (Kabupaten)', '2021-07-17 18:27:37', '2021-07-17 18:27:37'),
(498, 10, 498, 'Wonosobo - (Kabupaten)', '2021-07-17 18:27:37', '2021-07-17 18:27:37'),
(499, 24, 499, 'Yahukimo - (Kabupaten)', '2021-07-17 18:27:37', '2021-07-17 18:27:37'),
(500, 24, 500, 'Yalimo - (Kabupaten)', '2021-07-17 18:27:37', '2021-07-17 18:27:37'),
(501, 5, 501, 'Yogyakarta - (Kota)', '2021-07-17 18:27:37', '2021-07-17 18:27:37');

-- --------------------------------------------------------

--
-- Table structure for table `customers`
--

CREATE TABLE `customers` (
  `id` bigint UNSIGNED NOT NULL,
  `name` varchar(255) COLLATE utf8mb4_unicode_ci NOT NULL,
  `email` varchar(255) COLLATE utf8mb4_unicode_ci NOT NULL,
  `email_verified_at` timestamp NULL DEFAULT NULL,
  `password` varchar(255) COLLATE utf8mb4_unicode_ci NOT NULL,
  `remember_token` varchar(100) COLLATE utf8mb4_unicode_ci DEFAULT NULL,
  `created_at` timestamp NULL DEFAULT NULL,
  `updated_at` timestamp NULL DEFAULT NULL
) ENGINE=InnoDB DEFAULT CHARSET=utf8mb4 COLLATE=utf8mb4_unicode_ci;

--
-- Dumping data for table `customers`
--

INSERT INTO `customers` (`id`, `name`, `email`, `email_verified_at`, `password`, `remember_token`, `created_at`, `updated_at`) VALUES
(1, 'Kurnia Andi Nugroho', 'kurnia@gmail.com', NULL, '$2y$10$WsDpLSHYBZ2/2bHOrKkde.I50EyYMV7InpjPtd93d2cglOqeG2mwm', NULL, '2021-07-14 19:34:32', '2021-07-14 19:34:32'),
(2, 'Yudi Purwanto', 'yudi@gmail.com', NULL, '$2y$10$dbO/JUkT6piG93r79BHhbe2xAYCVTa1loFJmaYkC3w.eS6LEl5HU2', NULL, '2021-07-28 19:56:43', '2021-07-28 19:56:43'),
(4, 'Rizqi Maulana', 'rizqi@gmail.com', NULL, '$2y$10$m0YuTTG8Qot2OOGTyJLlnuBLyZ8.CDbXIRztBArzZOPe3EFqpVlWS', NULL, '2021-07-28 19:58:25', '2021-07-28 19:58:25');

-- --------------------------------------------------------

--
-- Table structure for table `failed_jobs`
--

CREATE TABLE `failed_jobs` (
  `id` bigint UNSIGNED NOT NULL,
  `uuid` varchar(255) COLLATE utf8mb4_unicode_ci NOT NULL,
  `connection` text COLLATE utf8mb4_unicode_ci NOT NULL,
  `queue` text COLLATE utf8mb4_unicode_ci NOT NULL,
  `payload` longtext COLLATE utf8mb4_unicode_ci NOT NULL,
  `exception` longtext COLLATE utf8mb4_unicode_ci NOT NULL,
  `failed_at` timestamp NOT NULL DEFAULT CURRENT_TIMESTAMP
) ENGINE=InnoDB DEFAULT CHARSET=utf8mb4 COLLATE=utf8mb4_unicode_ci;

-- --------------------------------------------------------

--
-- Table structure for table `invoices`
--

CREATE TABLE `invoices` (
  `id` bigint UNSIGNED NOT NULL,
  `invoice` varchar(255) COLLATE utf8mb4_unicode_ci NOT NULL,
  `customer_id` bigint UNSIGNED NOT NULL,
  `courier` varchar(255) COLLATE utf8mb4_unicode_ci NOT NULL,
  `courier_service` varchar(255) COLLATE utf8mb4_unicode_ci NOT NULL,
  `courier_cost` bigint NOT NULL,
  `weight` int NOT NULL,
  `name` varchar(255) COLLATE utf8mb4_unicode_ci NOT NULL,
  `phone` varchar(255) COLLATE utf8mb4_unicode_ci NOT NULL,
  `city_id` bigint UNSIGNED NOT NULL,
  `province_id` bigint UNSIGNED NOT NULL,
  `address` text COLLATE utf8mb4_unicode_ci NOT NULL,
  `status` enum('pending','success','expired','failed') COLLATE utf8mb4_unicode_ci NOT NULL,
  `grand_total` bigint NOT NULL,
  `snap_token` varchar(255) COLLATE utf8mb4_unicode_ci DEFAULT NULL,
  `created_at` timestamp NULL DEFAULT NULL,
  `updated_at` timestamp NULL DEFAULT NULL
) ENGINE=InnoDB DEFAULT CHARSET=utf8mb4 COLLATE=utf8mb4_unicode_ci;

--
-- Dumping data for table `invoices`
--

INSERT INTO `invoices` (`id`, `invoice`, `customer_id`, `courier`, `courier_service`, `courier_cost`, `weight`, `name`, `phone`, `city_id`, `province_id`, `address`, `status`, `grand_total`, `snap_token`, `created_at`, `updated_at`) VALUES
(1, 'INV-LJ0U649VG5', 4, 'jne', 'OKE', 68000, 4000, 'Rizqi Maulana', '85785852224', 164, 11, 'Rejoagung, Ngoro, Jombang', 'pending', 16727020, '30a8d4b7-7b2b-437b-899b-eb96fc6833ee', '2021-08-02 22:26:16', '2021-08-02 22:26:24'),
(2, 'INV-67UC3G8766', 4, 'jne', 'OKE', 10000, 200, 'Rizqi Maulana', '85785852224', 348, 10, 'Pekalongan', 'pending', 58020, '050ac6b7-38f6-4ac7-809c-2829e5b2a938', '2021-08-02 22:48:46', '2021-08-02 22:48:46'),
(3, 'INV-VSKP9K0RV3', 4, 'jne', 'OKE', 10000, 500, 'Rizqi Maulana', '85785852224', 349, 10, 'Pekalongan', 'pending', 494030, 'd0c395e5-3ab3-4de5-ad3c-0c7b56f0f423', '2021-08-02 22:50:45', '2021-08-02 22:50:50'),
(4, 'INV-E30D94DRK9', 4, 'jne', 'OKE', 10000, 500, 'Rizqi Maulana', '85785852224', 349, 10, 'Pekalongan', 'pending', 128680, '2228cb62-3c43-429e-98ea-6d7fc41189e2', '2021-08-02 22:52:31', '2021-08-02 22:52:36'),
(5, 'INV-38KTH9912E', 4, 'jne', 'REG', 11000, 500, 'Rizqi Maulana', '85785852224', 349, 10, 'Pekalongan', 'pending', 865050, 'e49cb35c-c567-4a04-a1a5-b9ae977a7ebc', '2021-08-02 22:54:11', '2021-08-02 22:54:11'),
(6, 'INV-F6N9J610TX', 4, 'tiki', 'REG', 11000, 500, 'Rizqi Maulana', '85785852224', 348, 10, 'Pekalongan', 'pending', 495030, '424eeb7e-5280-4122-8447-d53048b1c3db', '2021-08-02 22:55:03', '2021-08-02 22:55:03');

-- --------------------------------------------------------

--
-- Table structure for table `migrations`
--

CREATE TABLE `migrations` (
  `id` int UNSIGNED NOT NULL,
  `migration` varchar(255) COLLATE utf8mb4_unicode_ci NOT NULL,
  `batch` int NOT NULL
) ENGINE=InnoDB DEFAULT CHARSET=utf8mb4 COLLATE=utf8mb4_unicode_ci;

--
-- Dumping data for table `migrations`
--

INSERT INTO `migrations` (`id`, `migration`, `batch`) VALUES
(1, '2014_10_12_000000_create_users_table', 1),
(2, '2014_10_12_100000_create_password_resets_table', 1),
(3, '2019_08_19_000000_create_failed_jobs_table', 1),
(4, '2021_07_08_005044_create_customers_table', 1),
(5, '2021_07_08_013658_create_categories_table', 1),
(6, '2021_07_09_004905_create_products_table', 1),
(7, '2021_07_09_013817_create_carts_table', 1),
(8, '2021_07_09_015943_create_provinces_table', 1),
(9, '2021_07_09_021738_create_cities_table', 1),
(10, '2021_07_09_025035_create_invoices_table', 1),
(11, '2021_07_10_001434_create_orders_table', 1),
(12, '2021_07_10_003132_create_reviews_table', 1),
(13, '2021_07_10_014717_create_sliders_table', 1);

-- --------------------------------------------------------

--
-- Table structure for table `orders`
--

CREATE TABLE `orders` (
  `id` bigint UNSIGNED NOT NULL,
  `invoice_id` bigint UNSIGNED NOT NULL,
  `product_id` bigint UNSIGNED NOT NULL,
  `qty` int NOT NULL,
  `price` bigint NOT NULL,
  `created_at` timestamp NULL DEFAULT NULL,
  `updated_at` timestamp NULL DEFAULT NULL
) ENGINE=InnoDB DEFAULT CHARSET=utf8mb4 COLLATE=utf8mb4_unicode_ci;

--
-- Dumping data for table `orders`
--

INSERT INTO `orders` (`id`, `invoice_id`, `product_id`, `qty`, `price`, `created_at`, `updated_at`) VALUES
(1, 1, 10, 1, 16659020, '2021-08-02 22:26:16', '2021-08-02 22:26:16'),
(2, 2, 5, 1, 48020, '2021-08-02 22:48:46', '2021-08-02 22:48:46'),
(3, 3, 8, 1, 484030, '2021-08-02 22:50:45', '2021-08-02 22:50:45'),
(4, 4, 2, 1, 118680, '2021-08-02 22:52:31', '2021-08-02 22:52:31'),
(5, 5, 4, 1, 854050, '2021-08-02 22:54:11', '2021-08-02 22:54:11'),
(6, 6, 8, 1, 484030, '2021-08-02 22:55:03', '2021-08-02 22:55:03');

-- --------------------------------------------------------

--
-- Table structure for table `password_resets`
--

CREATE TABLE `password_resets` (
  `email` varchar(255) COLLATE utf8mb4_unicode_ci NOT NULL,
  `token` varchar(255) COLLATE utf8mb4_unicode_ci NOT NULL,
  `created_at` timestamp NULL DEFAULT NULL
) ENGINE=InnoDB DEFAULT CHARSET=utf8mb4 COLLATE=utf8mb4_unicode_ci;

-- --------------------------------------------------------

--
-- Table structure for table `products`
--

CREATE TABLE `products` (
  `id` bigint UNSIGNED NOT NULL,
  `image` varchar(255) COLLATE utf8mb4_unicode_ci NOT NULL,
  `title` varchar(255) COLLATE utf8mb4_unicode_ci NOT NULL,
  `slug` varchar(255) COLLATE utf8mb4_unicode_ci NOT NULL,
  `category_id` bigint UNSIGNED NOT NULL,
  `user_id` bigint UNSIGNED NOT NULL,
  `description` text COLLATE utf8mb4_unicode_ci NOT NULL,
  `weight` int NOT NULL,
  `price` bigint NOT NULL,
  `stock` int NOT NULL,
  `discount` int NOT NULL,
  `created_at` timestamp NULL DEFAULT NULL,
  `updated_at` timestamp NULL DEFAULT NULL
) ENGINE=InnoDB DEFAULT CHARSET=utf8mb4 COLLATE=utf8mb4_unicode_ci;

--
-- Dumping data for table `products`
--

INSERT INTO `products` (`id`, `image`, `title`, `slug`, `category_id`, `user_id`, `description`, `weight`, `price`, `stock`, `discount`, `created_at`, `updated_at`) VALUES
(2, 'wmXwBhpl6pFqSpNMsjuPdevOvPJIU935oxr4XKP2.png', 'Mi 37W Dual Port Car Charger', 'mi-37w-dual-port-car-charger', 2, 1, 'Lorem Ipsum is simply dummy text of the printing and typesetting industry.', 500, 129000, 300, 8, '2021-07-16 00:29:06', '2021-07-16 00:29:06'),
(4, 'vxTvXEYvD3ZKnFhyhRmvWdGRKh3zVVbaUwysfgna.png', 'Mi Watch Lite', 'mi-watch-lite', 6, 1, '<p><strong>Lorem Ipsum</strong><span style=\"background-color:rgb(255,255,255);color:rgb(0,0,0);\"> is simply dummy text of the printing and typesetting industry. Lorem Ipsum has been the industry\'s standard dummy text ever since the 1500s, when an unknown printer took a galley of type and scrambled it to make a type specimen book</span></p>', 500, 899000, 300, 5, '2021-07-30 18:20:55', '2021-07-30 18:21:39'),
(5, '8pVnwcXUUylqZCR8bzC0QPsMZW5lsNqgrwDWkU8U.png', 'Mi USB-C Cable 1m White', 'mi-usb-c-cable-1m-white', 2, 1, '<p><strong>Lorem Ipsum</strong><span style=\"background-color:rgb(255,255,255);color:rgb(0,0,0);\"> is simply dummy text of the printing and typesetting industry. Lorem Ipsum has been the industry\'s standard dummy text ever since the 1500s, when an unknown printer took a galley of type and scrambled it to make a type specimen book</span></p>', 200, 49000, 350, 2, '2021-07-30 18:24:04', '2021-07-30 18:24:04'),
(6, 'bRLhaRlxa83IiB7yrC1QwWMQRvw3KyMh54wbPleU.png', '10000mAh Mi 18W Fast Charge', '10000mah-mi-18w-fast-charge', 3, 1, '<p><strong>Lorem Ipsum</strong><span style=\"background-color:rgb(255,255,255);color:rgb(0,0,0);\"> is simply dummy text of the printing and typesetting industry. Lorem Ipsum has been the industry\'s standard dummy text ever since the 1500s, when an unknown printer took a galley of type and scrambled it to make a type specimen book.</span></p>', 1000, 199000, 508, 5, '2021-07-30 18:24:51', '2021-07-30 18:24:51'),
(7, 'tOD0pb821YL6aIb6D7xHiFiR3qKqW8QKKV34vcPD.png', 'Mi TV 4 32\" Bezel-less', 'mi-tv-4-32-bezel-less', 7, 1, '<p><strong>Lorem Ipsum</strong><span style=\"background-color:rgb(255,255,255);color:rgb(0,0,0);\"> is simply dummy text of the printing and typesetting industry. Lorem Ipsum has been the industry\'s standard dummy text ever since the 1500s, when an unknown printer took a galley of type and scrambled it to make a type specimen book.</span></p>', 5000, 4399000, 249, 5, '2021-07-30 18:25:48', '2021-07-30 18:25:48'),
(8, 'nAZYCBXw4mkK0oNgmhe7CUYpiVswubwRgUWDz6pN.png', 'Mi True Wireless Earphones 2 Basic', 'mi-true-wireless-earphones-2-basic', 4, 1, '<p><strong>Lorem Ipsum</strong><span style=\"background-color:rgb(255,255,255);color:rgb(0,0,0);\"> is simply dummy text of the printing and typesetting industry. Lorem Ipsum has been the industry\'s standard dummy text ever since the 1500s, when an unknown printer took a galley of type and scrambled it to make a type specimen book.</span></p>', 500, 499000, 378, 3, '2021-07-30 18:26:50', '2021-07-30 18:26:50'),
(9, 'CqRPzXVrQzUkCQaAwGywjrIkdxnTOEuOpf1jyZi1.png', 'Mi 11 Lite', 'mi-11-lite', 8, 1, '<p><strong>Lorem Ipsum</strong><span style=\"background-color:rgb(255,255,255);color:rgb(0,0,0);\"> is simply dummy text of the printing and typesetting industry. Lorem Ipsum has been the industry\'s standard dummy text ever since the 1500s, when an unknown printer took a galley of type and scrambled it to make a type specimen book.</span></p>', 3000, 4699000, 307, 3, '2021-07-30 18:27:36', '2021-07-30 18:27:36'),
(10, '76ZqSXnzWX7aGkYjOypYv4UO21rigBiwQ0MFkm5t.png', 'Mi 11 Ultra', 'mi-11-ultra', 8, 1, '<p><strong>Lorem Ipsum</strong><span style=\"background-color:rgb(255,255,255);color:rgb(0,0,0);\"> is simply dummy text of the printing and typesetting industry. Lorem Ipsum has been the industry\'s standard dummy text ever since the 1500s, when an unknown printer took a galley of type and scrambled it to make a type specimen book.</span></p>', 4000, 16999000, 176, 2, '2021-07-30 18:28:14', '2021-07-30 18:28:14');

-- --------------------------------------------------------

--
-- Table structure for table `provinces`
--

CREATE TABLE `provinces` (
  `id` bigint UNSIGNED NOT NULL,
  `province_id` int NOT NULL,
  `name` varchar(255) COLLATE utf8mb4_unicode_ci NOT NULL,
  `created_at` timestamp NULL DEFAULT NULL,
  `updated_at` timestamp NULL DEFAULT NULL
) ENGINE=InnoDB DEFAULT CHARSET=utf8mb4 COLLATE=utf8mb4_unicode_ci;

--
-- Dumping data for table `provinces`
--

INSERT INTO `provinces` (`id`, `province_id`, `name`, `created_at`, `updated_at`) VALUES
(1, 1, 'Bali', '2021-07-17 18:01:05', '2021-07-17 18:01:05'),
(2, 2, 'Bangka Belitung', '2021-07-17 18:01:05', '2021-07-17 18:01:05'),
(3, 3, 'Banten', '2021-07-17 18:01:05', '2021-07-17 18:01:05'),
(4, 4, 'Bengkulu', '2021-07-17 18:01:05', '2021-07-17 18:01:05'),
(5, 5, 'DI Yogyakarta', '2021-07-17 18:01:05', '2021-07-17 18:01:05'),
(6, 6, 'DKI Jakarta', '2021-07-17 18:01:05', '2021-07-17 18:01:05'),
(7, 7, 'Gorontalo', '2021-07-17 18:01:05', '2021-07-17 18:01:05'),
(8, 8, 'Jambi', '2021-07-17 18:01:05', '2021-07-17 18:01:05'),
(9, 9, 'Jawa Barat', '2021-07-17 18:01:05', '2021-07-17 18:01:05'),
(10, 10, 'Jawa Tengah', '2021-07-17 18:01:05', '2021-07-17 18:01:05'),
(11, 11, 'Jawa Timur', '2021-07-17 18:01:05', '2021-07-17 18:01:05'),
(12, 12, 'Kalimantan Barat', '2021-07-17 18:01:05', '2021-07-17 18:01:05'),
(13, 13, 'Kalimantan Selatan', '2021-07-17 18:01:05', '2021-07-17 18:01:05'),
(14, 14, 'Kalimantan Tengah', '2021-07-17 18:01:05', '2021-07-17 18:01:05'),
(15, 15, 'Kalimantan Timur', '2021-07-17 18:01:05', '2021-07-17 18:01:05'),
(16, 16, 'Kalimantan Utara', '2021-07-17 18:01:05', '2021-07-17 18:01:05'),
(17, 17, 'Kepulauan Riau', '2021-07-17 18:01:05', '2021-07-17 18:01:05'),
(18, 18, 'Lampung', '2021-07-17 18:01:05', '2021-07-17 18:01:05'),
(19, 19, 'Maluku', '2021-07-17 18:01:05', '2021-07-17 18:01:05'),
(20, 20, 'Maluku Utara', '2021-07-17 18:01:05', '2021-07-17 18:01:05'),
(21, 21, 'Nanggroe Aceh Darussalam (NAD)', '2021-07-17 18:01:05', '2021-07-17 18:01:05'),
(22, 22, 'Nusa Tenggara Barat (NTB)', '2021-07-17 18:01:05', '2021-07-17 18:01:05'),
(23, 23, 'Nusa Tenggara Timur (NTT)', '2021-07-17 18:01:05', '2021-07-17 18:01:05'),
(24, 24, 'Papua', '2021-07-17 18:01:05', '2021-07-17 18:01:05'),
(25, 25, 'Papua Barat', '2021-07-17 18:01:05', '2021-07-17 18:01:05'),
(26, 26, 'Riau', '2021-07-17 18:01:05', '2021-07-17 18:01:05'),
(27, 27, 'Sulawesi Barat', '2021-07-17 18:01:05', '2021-07-17 18:01:05'),
(28, 28, 'Sulawesi Selatan', '2021-07-17 18:01:05', '2021-07-17 18:01:05'),
(29, 29, 'Sulawesi Tengah', '2021-07-17 18:01:05', '2021-07-17 18:01:05'),
(30, 30, 'Sulawesi Tenggara', '2021-07-17 18:01:05', '2021-07-17 18:01:05'),
(31, 31, 'Sulawesi Utara', '2021-07-17 18:01:05', '2021-07-17 18:01:05'),
(32, 32, 'Sumatera Barat', '2021-07-17 18:01:05', '2021-07-17 18:01:05'),
(33, 33, 'Sumatera Selatan', '2021-07-17 18:01:05', '2021-07-17 18:01:05'),
(34, 34, 'Sumatera Utara', '2021-07-17 18:01:05', '2021-07-17 18:01:05');

-- --------------------------------------------------------

--
-- Table structure for table `reviews`
--

CREATE TABLE `reviews` (
  `id` bigint UNSIGNED NOT NULL,
  `product_id` bigint UNSIGNED NOT NULL,
  `order_id` bigint UNSIGNED NOT NULL,
  `customer_id` bigint UNSIGNED NOT NULL,
  `rating` int NOT NULL,
  `review` text COLLATE utf8mb4_unicode_ci NOT NULL,
  `created_at` timestamp NULL DEFAULT NULL,
  `updated_at` timestamp NULL DEFAULT NULL
) ENGINE=InnoDB DEFAULT CHARSET=utf8mb4 COLLATE=utf8mb4_unicode_ci;

-- --------------------------------------------------------

--
-- Table structure for table `sliders`
--

CREATE TABLE `sliders` (
  `id` bigint UNSIGNED NOT NULL,
  `image` varchar(255) COLLATE utf8mb4_unicode_ci NOT NULL,
  `link` varchar(255) COLLATE utf8mb4_unicode_ci NOT NULL,
  `created_at` timestamp NULL DEFAULT NULL,
  `updated_at` timestamp NULL DEFAULT NULL
) ENGINE=InnoDB DEFAULT CHARSET=utf8mb4 COLLATE=utf8mb4_unicode_ci;

--
-- Dumping data for table `sliders`
--

INSERT INTO `sliders` (`id`, `image`, `link`, `created_at`, `updated_at`) VALUES
(3, '2wxXb5XyqGJqy9YF0WsZ22zx5fWGHv48iLAZVS3o.png', '#', '2021-07-30 04:35:50', '2021-07-30 04:35:50'),
(4, 'qUYu2FOZPsR3beNrSwvRw6m29QMZLijUuZvyjybD.png', '#', '2021-07-30 04:35:57', '2021-07-30 04:35:57');

-- --------------------------------------------------------

--
-- Table structure for table `users`
--

CREATE TABLE `users` (
  `id` bigint UNSIGNED NOT NULL,
  `name` varchar(255) COLLATE utf8mb4_unicode_ci NOT NULL,
  `email` varchar(255) COLLATE utf8mb4_unicode_ci NOT NULL,
  `email_verified_at` timestamp NULL DEFAULT NULL,
  `password` varchar(255) COLLATE utf8mb4_unicode_ci NOT NULL,
  `remember_token` varchar(100) COLLATE utf8mb4_unicode_ci DEFAULT NULL,
  `created_at` timestamp NULL DEFAULT NULL,
  `updated_at` timestamp NULL DEFAULT NULL
) ENGINE=InnoDB DEFAULT CHARSET=utf8mb4 COLLATE=utf8mb4_unicode_ci;

--
-- Dumping data for table `users`
--

INSERT INTO `users` (`id`, `name`, `email`, `email_verified_at`, `password`, `remember_token`, `created_at`, `updated_at`) VALUES
(1, 'Administrator', 'admin@gmail.com', NULL, '$2y$10$S1tZjbz0KlJpoR9tBdTOp.Hnc6H0SedA3AupUAr4DEkGULSqZwvdW', NULL, NULL, NULL);

--
-- Indexes for dumped tables
--

--
-- Indexes for table `carts`
--
ALTER TABLE `carts`
  ADD PRIMARY KEY (`id`),
  ADD KEY `carts_product_id_foreign` (`product_id`),
  ADD KEY `carts_customer_id_foreign` (`customer_id`);

--
-- Indexes for table `categories`
--
ALTER TABLE `categories`
  ADD PRIMARY KEY (`id`);

--
-- Indexes for table `cities`
--
ALTER TABLE `cities`
  ADD PRIMARY KEY (`id`),
  ADD KEY `cities_province_id_foreign` (`province_id`);

--
-- Indexes for table `customers`
--
ALTER TABLE `customers`
  ADD PRIMARY KEY (`id`),
  ADD UNIQUE KEY `customers_email_unique` (`email`);

--
-- Indexes for table `failed_jobs`
--
ALTER TABLE `failed_jobs`
  ADD PRIMARY KEY (`id`),
  ADD UNIQUE KEY `failed_jobs_uuid_unique` (`uuid`);

--
-- Indexes for table `invoices`
--
ALTER TABLE `invoices`
  ADD PRIMARY KEY (`id`),
  ADD KEY `invoices_customer_id_foreign` (`customer_id`),
  ADD KEY `invoices_city_id_foreign` (`city_id`),
  ADD KEY `invoices_province_id_foreign` (`province_id`);

--
-- Indexes for table `migrations`
--
ALTER TABLE `migrations`
  ADD PRIMARY KEY (`id`);

--
-- Indexes for table `orders`
--
ALTER TABLE `orders`
  ADD PRIMARY KEY (`id`),
  ADD KEY `orders_invoice_id_foreign` (`invoice_id`),
  ADD KEY `orders_product_id_foreign` (`product_id`);

--
-- Indexes for table `password_resets`
--
ALTER TABLE `password_resets`
  ADD KEY `password_resets_email_index` (`email`);

--
-- Indexes for table `products`
--
ALTER TABLE `products`
  ADD PRIMARY KEY (`id`),
  ADD KEY `products_category_id_foreign` (`category_id`),
  ADD KEY `products_user_id_foreign` (`user_id`);

--
-- Indexes for table `provinces`
--
ALTER TABLE `provinces`
  ADD PRIMARY KEY (`id`);

--
-- Indexes for table `reviews`
--
ALTER TABLE `reviews`
  ADD PRIMARY KEY (`id`),
  ADD KEY `reviews_product_id_foreign` (`product_id`),
  ADD KEY `reviews_order_id_foreign` (`order_id`),
  ADD KEY `reviews_customer_id_foreign` (`customer_id`);

--
-- Indexes for table `sliders`
--
ALTER TABLE `sliders`
  ADD PRIMARY KEY (`id`);

--
-- Indexes for table `users`
--
ALTER TABLE `users`
  ADD PRIMARY KEY (`id`),
  ADD UNIQUE KEY `users_email_unique` (`email`);

--
-- AUTO_INCREMENT for dumped tables
--

--
-- AUTO_INCREMENT for table `carts`
--
ALTER TABLE `carts`
  MODIFY `id` bigint UNSIGNED NOT NULL AUTO_INCREMENT, AUTO_INCREMENT=11;

--
-- AUTO_INCREMENT for table `categories`
--
ALTER TABLE `categories`
  MODIFY `id` bigint UNSIGNED NOT NULL AUTO_INCREMENT, AUTO_INCREMENT=9;

--
-- AUTO_INCREMENT for table `cities`
--
ALTER TABLE `cities`
  MODIFY `id` bigint UNSIGNED NOT NULL AUTO_INCREMENT, AUTO_INCREMENT=502;

--
-- AUTO_INCREMENT for table `customers`
--
ALTER TABLE `customers`
  MODIFY `id` bigint UNSIGNED NOT NULL AUTO_INCREMENT, AUTO_INCREMENT=5;

--
-- AUTO_INCREMENT for table `failed_jobs`
--
ALTER TABLE `failed_jobs`
  MODIFY `id` bigint UNSIGNED NOT NULL AUTO_INCREMENT;

--
-- AUTO_INCREMENT for table `invoices`
--
ALTER TABLE `invoices`
  MODIFY `id` bigint UNSIGNED NOT NULL AUTO_INCREMENT, AUTO_INCREMENT=7;

--
-- AUTO_INCREMENT for table `migrations`
--
ALTER TABLE `migrations`
  MODIFY `id` int UNSIGNED NOT NULL AUTO_INCREMENT, AUTO_INCREMENT=14;

--
-- AUTO_INCREMENT for table `orders`
--
ALTER TABLE `orders`
  MODIFY `id` bigint UNSIGNED NOT NULL AUTO_INCREMENT, AUTO_INCREMENT=7;

--
-- AUTO_INCREMENT for table `products`
--
ALTER TABLE `products`
  MODIFY `id` bigint UNSIGNED NOT NULL AUTO_INCREMENT, AUTO_INCREMENT=11;

--
-- AUTO_INCREMENT for table `provinces`
--
ALTER TABLE `provinces`
  MODIFY `id` bigint UNSIGNED NOT NULL AUTO_INCREMENT, AUTO_INCREMENT=35;

--
-- AUTO_INCREMENT for table `reviews`
--
ALTER TABLE `reviews`
  MODIFY `id` bigint UNSIGNED NOT NULL AUTO_INCREMENT, AUTO_INCREMENT=3;

--
-- AUTO_INCREMENT for table `sliders`
--
ALTER TABLE `sliders`
  MODIFY `id` bigint UNSIGNED NOT NULL AUTO_INCREMENT, AUTO_INCREMENT=5;

--
-- AUTO_INCREMENT for table `users`
--
ALTER TABLE `users`
  MODIFY `id` bigint UNSIGNED NOT NULL AUTO_INCREMENT, AUTO_INCREMENT=6;

--
-- Constraints for dumped tables
--

--
-- Constraints for table `carts`
--
ALTER TABLE `carts`
  ADD CONSTRAINT `carts_customer_id_foreign` FOREIGN KEY (`customer_id`) REFERENCES `customers` (`id`),
  ADD CONSTRAINT `carts_product_id_foreign` FOREIGN KEY (`product_id`) REFERENCES `products` (`id`);

--
-- Constraints for table `cities`
--
ALTER TABLE `cities`
  ADD CONSTRAINT `cities_province_id_foreign` FOREIGN KEY (`province_id`) REFERENCES `provinces` (`id`);

--
-- Constraints for table `invoices`
--
ALTER TABLE `invoices`
  ADD CONSTRAINT `invoices_city_id_foreign` FOREIGN KEY (`city_id`) REFERENCES `cities` (`id`),
  ADD CONSTRAINT `invoices_customer_id_foreign` FOREIGN KEY (`customer_id`) REFERENCES `customers` (`id`),
  ADD CONSTRAINT `invoices_province_id_foreign` FOREIGN KEY (`province_id`) REFERENCES `provinces` (`id`);

--
-- Constraints for table `orders`
--
ALTER TABLE `orders`
  ADD CONSTRAINT `orders_invoice_id_foreign` FOREIGN KEY (`invoice_id`) REFERENCES `invoices` (`id`),
  ADD CONSTRAINT `orders_product_id_foreign` FOREIGN KEY (`product_id`) REFERENCES `products` (`id`);

--
-- Constraints for table `products`
--
ALTER TABLE `products`
  ADD CONSTRAINT `products_category_id_foreign` FOREIGN KEY (`category_id`) REFERENCES `categories` (`id`),
  ADD CONSTRAINT `products_user_id_foreign` FOREIGN KEY (`user_id`) REFERENCES `users` (`id`);

--
-- Constraints for table `reviews`
--
ALTER TABLE `reviews`
  ADD CONSTRAINT `reviews_customer_id_foreign` FOREIGN KEY (`customer_id`) REFERENCES `customers` (`id`),
  ADD CONSTRAINT `reviews_order_id_foreign` FOREIGN KEY (`order_id`) REFERENCES `orders` (`id`),
  ADD CONSTRAINT `reviews_product_id_foreign` FOREIGN KEY (`product_id`) REFERENCES `products` (`id`);
COMMIT;

/*!40101 SET CHARACTER_SET_CLIENT=@OLD_CHARACTER_SET_CLIENT */;
/*!40101 SET CHARACTER_SET_RESULTS=@OLD_CHARACTER_SET_RESULTS */;
/*!40101 SET COLLATION_CONNECTION=@OLD_COLLATION_CONNECTION */;
